ingreso_mensual,deuda_total,antiguedad_laboral_meses,num_creditos_activos,moras_ult_12m,incumplimiento
2867422.14,2439953.3,134,2,1,0
1565645.01,2064089.37,73,0,0,0
3504310.46,3134765.16,25,2,0,0
3817305.68,2349578.75,103,7,0,1
1039068.77,3516743.85,62,2,2,1
1391399.33,2984611.8,133,5,1,1
2648037.8,4156701.76,191,6,2,0
2168382.65,2192679.94,132,2,0,0
2481169.97,2961450.95,139,5,0,1
1703050.35,1520237.81,10,1,2,0
3713667.08,1293023.43,154,2,0,0
3547691.47,4602082.26,105,2,0,0
2575399.19,2027288.6,29,5,1,0
4151830.31,2802385.38,51,7,2,0
3085364.91,1926767.39,187,2,0,0
1698268.37,1303695.67,220,2,0,1
2951249.34,1810905.97,121,6,0,1
1623839.75,3965307.38,234,3,2,1
3712083.72,2442858.1,43,4,1,0
2444459.59,702209.44,71,5,0,0
2300445.2,1599038.02,223,1,3,0
1840196.64,4797275.97,42,6,1,1
4333754.84,1600311.65,158,2,3,0
2332061.09,668661.98,52,5,1,0
2061725.41,5098587.56,79,3,0,1
2133642.54,2619811.96,114,6,1,1
3176658.52,1732004.82,86,4,1,0
2946861.07,1467421.69,209,1,1,1
3010241.8,3264413.87,233,1,1,0
3034844.49,1336021.0,120,7,0,0
6553715.58,3384911.29,126,4,5,1
2082156.16,2425394.21,13,2,1,1
1985322.77,2059290.95,56,1,1,0
1733414.23,1949981.35,9,1,1,1
3298545.03,1634855.21,205,7,0,0
4155065.8,3199161.46,54,7,0,0
2375040.23,1118342.98,81,3,0,1
1712955.63,737660.08,202,1,0,0
1725081.31,2523706.7,171,3,0,1
3350325.44,2547131.3,149,1,0,1
3492979.54,2344141.65,9,4,1,0
3192199.42,2252492.25,135,5,1,0
1853010.04,1509063.8,134,7,1,0
2775312.43,2775697.74,76,2,1,1
2634779.1,1755457.83,178,1,1,1
2758537.37,1376954.54,223,1,1,0
3700373.21,1516259.49,62,3,1,0
2764635.3,5469233.61,79,4,1,1
3393296.39,693190.67,77,0,1,0
2577194.27,2369479.05,200,6,0,1
2847366.3,714820.32,18,3,0,0
3321347.03,1695975.9,215,6,0,0
1297670.34,1418062.56,186,3,1,0
2165039.67,571792.62,116,1,1,0
2023083.91,2229455.4,140,0,0,0
1875350.73,1460480.85,214,4,1,0
2208860.38,567351.17,184,4,0,0
4898917.79,2856362.94,66,6,1,0
1693278.74,3963153.56,12,7,0,1
3865209.91,4085136.13,158,1,0,0
1172337.17,2192873.33,34,2,1,0
2150267.96,1846180.0,21,1,1,0
2689968.84,3736961.34,235,0,0,1
3254669.65,4540774.7,113,0,0,1
3442998.31,3357677.29,156,0,1,1
3572612.02,1072444.89,52,4,1,0
2136917.67,2010787.29,24,1,0,0
2030399.2,2292219.46,15,1,0,0
3678039.55,665309.68,85,0,1,0
2293786.13,2330155.56,0,5,3,0
1408086.78,6283531.54,100,5,1,1
1501270.1,2559345.49,77,7,0,1
1652909.72,4047760.88,126,0,2,1
3126809.22,1990507.77,141,1,2,0
2665475.09,1728953.97,74,3,1,0
3411012.41,2219952.79,109,5,0,1
2062723.18,1149218.34,18,1,0,0
2684873.45,1059408.05,72,1,1,0
3312841.93,3611973.04,234,3,1,1
2175122.07,3828890.04,237,0,0,1
3070497.46,1043602.0,116,3,1,0
1856000.79,3065424.34,225,6,1,1
2123183.26,1715935.96,120,4,2,1
2105406.75,2169900.65,30,3,0,0
1459600.68,2318468.68,208,3,0,1
3112506.49,3110176.33,99,7,2,1
2023967.47,1883782.41,146,4,0,0
2514095.47,3909368.15,155,4,1,1
3103798.64,2133926.54,73,7,2,0
3056375.57,2537268.26,176,1,1,1
3372701.42,1138250.28,120,0,0,0
2391623.12,5900570.97,87,3,3,1
2066396.96,2330750.63,71,2,0,0
2411906.56,2664283.72,179,1,1,0
1169984.19,743255.42,59,0,0,0
1303548.45,1144880.83,29,7,0,0
1378610.22,3555951.55,211,4,2,1
1596046.54,2107656.74,79,5,1,1
2992739.34,628265.65,153,0,0,0
1663335.89,3186254.62,171,2,0,0
2108796.87,1334699.43,201,4,1,0
4485919.39,3911852.34,150,4,1,0
2129680.45,1715109.7,169,5,2,0
3483971.01,2014508.7,200,5,1,0
1642406.88,3442547.27,226,3,0,1
2279244.05,1098741.61,11,6,1,0
1630327.32,1042603.47,178,2,0,0
2146257.97,1615609.9,41,0,1,0
3648913.29,2836956.17,213,7,1,0
1149120.13,865718.2,11,0,1,1
3039768.53,719188.08,59,2,1,0
2782282.83,2831575.23,46,0,0,0
1913479.38,1291944.69,144,1,0,1
1304167.23,1450723.44,1,3,1,0
2582476.99,648262.83,4,1,1,0
1969971.38,1239053.82,121,3,1,1
2775955.54,1792523.94,233,7,2,0
2524704.93,3002647.76,126,1,1,0
5140196.11,1177754.99,107,7,0,0
2244719.79,4478747.95,157,3,0,1
1577303.68,1235259.23,132,4,2,0
2710043.72,1236254.41,92,3,1,1
2760161.63,4192651.37,141,2,0,0
4608604.69,2022005.31,0,0,1,0
3640389.9,1328662.85,58,4,0,0
2935514.42,1652787.81,161,7,1,1
4829664.64,3788526.41,81,4,0,1
1464256.14,4031740.69,13,4,1,1
1874613.57,1148607.59,29,5,2,0
1647619.56,1758476.96,207,3,0,0
2097773.03,1891505.21,79,0,1,0
1345521.9,1046398.85,5,4,0,1
3327125.3,1745707.44,174,6,2,1
2262093.06,1805277.35,127,2,0,0
1289723.56,3369963.38,108,6,0,1
1582934.09,3496877.51,214,6,1,1
2878795.46,1501885.77,75,1,1,0
3645332.88,1600174.1,137,4,0,0
6139968.63,2593860.82,178,5,1,0
9276913.01,1304647.67,146,3,0,0
3012514.09,2488148.22,49,5,0,1
1601592.71,1715042.9,163,7,0,0
957786.78,1056136.51,178,5,0,0
2820067.69,1063458.65,29,6,1,0
1734063.05,3989512.12,39,6,4,1
2073794.38,1651617.07,161,6,0,1
1898088.21,4437013.06,28,6,0,1
2346523.41,1357014.03,211,1,1,0
4038938.2,2112663.61,26,0,0,0
2683072.48,6711073.09,233,1,0,1
2327756.8,1006243.36,161,1,0,0
1568698.89,633806.67,106,5,2,1
1176664.11,3652497.71,64,4,1,1
2008628.54,1142297.58,82,3,0,0
2440220.94,1779616.99,179,0,0,0
5539250.45,1304124.13,180,5,1,0
2650939.93,2086058.07,50,2,0,1
3890444.86,1067150.22,130,6,1,1
1996923.43,1630390.6,238,0,0,0
1466774.89,2305240.7,61,2,2,1
1619290.66,1033774.61,166,0,1,0
1803878.38,1224754.54,41,2,2,1
6514966.78,1486948.61,200,7,0,0
1727485.23,820319.14,40,3,1,0
3645927.8,1426720.03,71,3,0,0
1665247.07,1921535.8,110,2,4,1
3801891.05,1444892.24,88,2,1,0
2972842.8,1550425.79,40,5,1,0
2329849.51,1780404.79,153,7,2,0
2454560.19,1254990.2,4,5,0,1
1861972.24,2632334.45,236,5,0,1
3055744.38,3965272.72,12,3,0,1
2037142.65,1394279.02,80,0,0,0
1440180.05,2350541.42,223,5,1,1
1406661.02,1577745.97,37,6,1,1
2701900.18,2200764.29,17,4,0,1
5087984.59,4258706.21,178,0,1,1
2686628.22,2381068.68,17,5,0,1
2370032.07,678689.65,215,7,0,0
2843149.72,2310546.93,108,1,0,1
4499613.55,3546147.22,208,1,1,0
2759398.88,1593461.62,58,5,0,0
2077932.64,3112374.09,33,2,1,1
4112868.23,1231487.91,231,5,1,0
3032026.26,795121.88,182,5,1,0
4989725.65,1945326.1,218,2,0,0
2714875.86,685041.72,76,0,2,0
1440916.93,1577612.47,97,4,1,0
1350694.75,3653004.24,138,3,2,1
5255148.7,629655.19,107,6,0,0
5430006.37,890531.71,58,2,0,1
2305983.08,1020373.7,90,1,1,0
2104033.96,1738392.34,146,6,0,1
4825626.95,1472030.05,9,5,2,0
1519103.22,3885733.13,80,4,1,1
1671403.3,3042496.04,70,7,1,1
3339388.78,2363602.14,16,6,0,0
2093251.14,1950105.24,29,6,1,0
2494244.54,2234601.79,118,6,1,0
2322725.84,1120411.88,24,3,5,0
2910134.44,2884213.83,82,0,0,0
4709857.11,976444.2,134,4,4,0
2604013.58,2849786.31,209,6,4,0
3340308.57,3456183.83,23,7,1,1
993733.01,2021343.11,104,5,1,1
2445788.22,1633736.11,24,4,0,0
1710587.9,2243320.46,102,4,0,1
1444589.0,373047.9,115,0,1,0
1683916.22,2125545.95,191,0,3,1
2151005.02,1691206.14,106,0,0,1
3775175.52,1750569.57,224,7,2,1
1376321.02,2654827.14,33,6,2,1
2534699.03,1727480.1,12,2,3,0
2010562.41,961436.17,1,3,0,0
2157257.72,1665316.5,85,3,0,1
3925649.26,1868137.94,46,1,2,0
3184969.39,1917457.93,21,3,1,1
4563636.94,1967654.68,56,2,0,0
2332086.07,3188146.26,233,5,1,0
1827806.4,990512.95,192,6,0,1
2260428.2,1982625.38,4,0,1,1
2788250.36,3659212.64,219,3,2,0
2706750.24,693329.68,49,7,1,0
1534671.11,1986933.19,97,6,1,1
2603902.12,1304511.3,78,6,0,0
2770404.89,1467992.69,97,5,1,0
7761332.62,1094330.26,182,0,1,1
5817501.11,1639733.57,170,7,1,0
1702897.52,4955396.84,142,5,0,1
2196726.33,897941.79,150,7,1,1
1294004.7,946013.12,174,7,1,0
1916446.28,879609.39,44,2,2,0
2881505.74,4654650.01,94,0,1,1
4301332.51,1395844.8,25,5,4,0
1800749.57,1774795.46,169,3,1,0
1862509.62,1442324.5,105,0,2,0
951239.57,1070744.37,152,2,0,1
2323538.1,1581626.6,135,7,1,0
1549921.44,6957503.02,65,2,1,1
1970018.61,3870662.46,33,2,0,1
1684895.23,1125999.25,233,5,0,0
2396172.28,2570119.57,70,5,0,1
1133503.13,1139339.99,26,2,1,1
1291908.23,677588.21,73,6,1,1
6517246.25,3153514.89,216,4,0,0
1400669.83,3407019.05,62,1,2,1
1526133.21,3199886.7,236,2,0,0
5713900.1,1390079.27,110,6,2,1
9240268.63,1642238.11,206,0,1,0
1475631.08,2718710.59,156,0,1,1
2118225.48,2232471.99,10,5,2,0
2915352.47,1449597.68,122,3,1,1
5442315.82,738818.61,100,2,0,0
1603526.15,1916341.73,48,3,0,0
2238745.58,3258418.54,131,1,0,0
3546966.18,931567.25,24,2,1,1
3040236.98,2557689.53,167,1,1,0
2110701.8,2160056.97,197,4,1,0
2353892.63,2719282.91,22,5,1,1
1346606.36,2907731.4,115,7,0,1
2245913.96,1228545.29,157,0,2,0
2217579.67,739677.5,14,2,0,0
2775323.13,1342254.85,93,2,0,0
1947202.03,2935291.27,61,4,2,1
3090964.16,1336005.94,9,4,0,0
3943279.94,1228830.42,192,7,0,0
2681118.15,661030.02,106,7,2,0
2928765.83,4719688.59,180,6,2,1
2560520.71,2834680.32,140,1,0,1
2500094.94,2748978.68,210,0,1,1
1806858.35,3064963.4,239,7,1,0
2882659.05,2471873.25,144,7,0,1
2392913.74,1573662.64,84,2,1,1
6412290.06,1644960.56,101,0,0,1
5074867.61,1422799.29,198,5,1,1
2974041.14,7666759.84,102,4,0,0
1773429.05,2443761.09,124,7,3,1
1515439.61,1394723.83,46,4,0,0
4272952.59,2325208.91,237,6,0,0
2813777.49,1032320.07,156,6,1,0
3102956.18,4117578.96,79,0,1,0
1140226.63,1251319.58,140,1,0,0
3794824.06,2371170.35,96,6,0,0
3067245.37,3235146.98,37,1,0,0
1516791.01,2224226.83,209,1,0,1
2022035.28,1895997.64,212,6,1,0
2815003.41,1810725.89,200,1,0,1
2559727.46,1744981.69,88,1,0,0
2191998.53,1310753.94,61,0,1,0
2386245.03,1405749.73,11,3,1,0
2232006.4,4061536.58,175,5,2,1
2677661.56,1695693.02,78,5,2,0
4847495.21,1168357.27,214,7,0,1
787646.76,1355029.18,208,5,0,1
2247251.95,3296926.07,30,6,0,0
2706676.02,2610052.44,220,1,1,0
2856188.45,2449705.25,33,2,0,0
2114734.28,1562285.8,117,2,0,0
1134016.7,2467328.59,113,0,3,1
2897617.07,1263427.22,229,7,0,0
5439016.9,1560488.55,157,1,2,0
1253642.23,3068470.21,210,3,1,1
3687738.28,2911415.5,142,2,2,0
2156430.66,1048893.97,198,0,1,0
2431953.34,1124397.25,204,7,0,1
1556572.68,1910897.16,206,1,1,1
2150682.97,4651359.17,98,0,0,1
4487567.52,627649.01,91,2,0,0
3249449.48,2097759.31,236,1,1,0
5451173.76,844477.52,181,7,0,1
4246631.51,1269857.41,220,1,2,0
3046153.77,1473073.5,138,2,1,0
5479759.8,1428331.64,222,2,2,0
3046025.58,1342050.81,172,0,1,1
3628739.75,1807149.15,178,0,0,0
2187662.9,1340973.85,42,4,0,0
2575996.24,805280.27,136,1,0,0
1826588.49,2764099.63,175,0,1,1
3902445.87,2723359.85,182,2,1,0
1471164.26,2862033.93,229,2,0,0
3554976.26,771346.72,78,3,0,0
2294460.54,2121644.83,72,7,0,1
4234867.01,2610586.83,232,2,2,0
3504969.35,1020839.7,236,5,2,0
5672225.26,1809104.46,43,6,0,0
3473418.76,1688499.07,90,0,0,0
1232288.02,4957836.85,227,4,2,1
2425801.06,5187539.42,47,3,1,1
1475338.56,720644.48,187,4,1,0
1979936.56,7095398.8,26,1,1,1
4934954.86,1088077.65,42,3,0,1
3330694.85,3086867.98,188,0,1,0
1825350.53,3069640.81,145,7,2,0
1584260.79,1040974.24,133,4,0,0
2537153.22,2360996.92,205,0,3,0
1446054.29,1696628.6,73,4,2,0
1848320.9,2441635.66,120,7,0,0
2876847.26,2043484.48,146,5,0,0
4204608.34,3475621.74,177,2,2,0
3287848.48,1876214.93,79,7,1,0
891553.75,1641246.36,152,1,0,1
2866970.11,3289126.39,107,1,0,0
2582365.5,2476891.75,130,1,0,0
3011810.4,2691998.98,207,7,0,1
5173684.42,1248901.04,94,5,0,0
987907.22,1012975.6,160,4,0,1
1916104.45,1317241.12,226,5,2,0
3261537.07,1279327.95,182,2,0,1
1227001.33,2773739.09,237,0,1,1
4857227.51,3078916.94,140,6,1,1
2950725.9,1652790.39,67,7,0,1
3659232.86,3954254.65,237,0,0,0
1933566.23,3820742.71,154,0,5,1
3605586.3,2057838.31,57,4,1,0
4043468.78,1145391.15,76,0,1,1
2776207.65,4281244.86,62,5,2,1
2778110.81,1740595.2,200,7,0,0
2823409.48,1929339.13,22,2,0,0
1695173.95,1493323.09,177,2,2,1
2339419.51,1103406.25,132,6,1,0
2334168.19,802546.87,17,2,0,0
2970760.47,2549415.82,147,1,1,0
3920470.39,1169897.44,180,0,0,0
1552628.8,9684521.03,174,6,0,1
2363247.35,990491.69,126,7,1,0
4869278.28,901429.27,80,0,0,0
1789034.39,2383006.58,39,6,2,1
1726814.23,4174143.04,2,1,0,1
2738275.98,1865093.11,86,1,1,0
3655614.0,2465809.12,151,3,1,0
2512887.42,653008.97,9,3,0,0
4546342.2,1240054.48,239,6,0,1
3676083.89,997301.66,140,5,1,0
3651396.74,634772.54,70,1,0,0
3207985.46,1919617.2,230,4,1,0
7125889.97,524259.48,44,7,0,0
2279527.02,869861.64,229,5,2,0
1014814.36,1339545.1,67,1,2,0
5145925.28,1139488.47,91,1,0,0
2034654.42,2238511.96,102,3,0,0
2624359.67,2129433.05,238,3,0,1
4506805.29,2942842.57,60,2,2,0
1215643.95,2722628.35,233,0,0,1
1423401.58,3371081.79,83,0,0,1
1216181.05,1798101.79,68,4,0,1
1748799.24,2126959.43,153,7,1,1
3046907.69,2384809.39,166,4,2,0
3165070.28,1945847.95,82,3,1,0
2830955.01,1446764.66,32,7,1,0
1323852.55,1499217.45,95,5,0,0
884037.48,1148124.28,129,5,1,1
2561901.73,2269764.14,9,4,1,1
2021806.7,1709290.41,18,6,2,1
3074106.62,1249871.94,220,4,0,0
3428661.2,1250510.68,8,4,1,0
2660460.89,925026.74,97,4,1,0
3519611.52,3083759.29,183,6,0,1
2771630.71,1879538.72,78,7,1,0
3173451.67,1119908.13,118,2,1,0
1820639.41,2808043.36,20,5,0,1
2305887.41,1322521.07,190,0,0,1
2731470.14,830449.07,152,4,3,0
3616578.98,3156484.55,204,7,1,1
2094065.11,1339616.42,207,5,1,0
3160771.04,1437480.84,84,2,1,0
2218127.29,1841233.41,9,4,0,0
2371201.42,3374377.08,83,2,1,1
3631240.41,1819946.63,34,3,0,0
1019603.23,930784.26,127,1,2,0
1394977.36,2427638.6,35,4,1,1
1283136.28,1378563.92,221,1,0,0
874733.05,5084236.39,144,3,0,1
1842404.91,1798891.82,60,7,1,0
3502706.61,526511.1,221,6,0,0
2199198.34,2190954.73,184,3,1,0
2732716.77,5245210.9,105,7,2,1
4081394.04,4282525.15,35,0,0,1
4543735.59,4927400.29,82,7,1,1
2423417.32,1027284.14,140,2,0,0
4597002.14,2972699.56,183,6,0,1
2605820.84,1210083.87,62,7,0,0
1715083.09,2036323.21,178,4,0,0
1913263.79,893742.86,67,4,2,1
1284088.72,1262805.7,59,5,1,1
1676369.59,1240917.45,107,1,0,0
2128001.38,2950551.4,38,1,0,0
3589109.03,2795978.63,97,2,1,1
5422934.86,2096014.15,85,3,1,0
1342198.65,856462.18,67,5,3,1
2983398.52,1516469.56,186,2,0,0
1565250.63,1194135.63,79,4,3,0
3095360.64,2904055.86,166,0,0,0
2356792.86,3441090.18,172,0,2,1
1096784.93,3218124.5,159,7,1,1
3796290.39,1188171.99,64,6,1,1
1904158.94,398935.09,199,6,0,0
1966068.03,681102.56,56,2,3,0
1544811.89,3934097.5,66,4,0,1
1862394.93,1443537.14,209,5,0,0
3030844.91,1191112.95,81,2,3,1
2295913.44,4442644.58,167,5,1,1
2898486.29,3609699.89,10,5,0,1
2942194.01,1824367.7,147,3,2,0
4529395.45,1531756.27,208,3,0,1
2142636.25,1673857.76,170,2,2,0
1286216.18,2039543.9,139,6,1,1
4041196.53,4339732.32,203,7,2,1
2153557.35,2270826.24,71,7,1,1
4128265.45,2683448.26,90,6,0,1
2970738.08,3424259.43,16,2,0,1
2356738.9,945978.79,167,6,1,0
2924840.31,2726341.79,173,1,0,0
6014940.06,1530774.55,180,7,1,0
6365749.45,451100.24,179,2,2,0
2579285.04,558385.0,30,3,0,1
2686868.79,1028212.62,159,0,1,0
4057628.96,2410801.92,183,0,0,0
1708717.8,1916262.02,48,3,3,1
2904241.92,1992098.0,114,4,2,0
2471072.95,5263549.35,219,0,2,0
2879306.39,895643.68,99,6,0,0
1718195.77,1773044.85,180,0,1,0
1222606.87,2128092.85,127,7,0,1
983584.41,1200618.03,157,2,0,0
1512052.32,1828263.07,150,3,1,0
2033761.13,746630.05,156,1,0,1
2190992.24,3908818.23,187,6,0,1
5977753.06,1237259.26,217,5,0,0
4112321.65,5501697.91,70,0,1,1
1621496.89,1768135.83,222,0,0,1
2923435.7,3168366.41,150,4,1,0
2081534.84,1747996.17,142,6,0,1
2199713.24,1769819.49,78,0,2,1
2717431.88,1305479.66,100,1,2,0
3303286.01,1921881.83,156,4,2,0
2146040.28,2144027.24,87,0,1,1
4035071.1,1169345.84,68,2,2,0
1495437.09,1680367.02,196,0,0,1
2507141.63,1286894.93,99,3,2,1
8046553.87,6376388.7,154,5,0,0
2763993.67,1713322.97,7,3,1,1
4764712.79,4210849.25,18,2,1,0
2605109.77,1616388.57,203,3,0,0
3246704.31,2075900.15,34,4,1,0
2436928.16,870259.73,190,1,2,0
2315457.57,1407614.94,216,0,1,0
1760369.36,2020976.35,115,1,1,1
3034134.9,4306341.79,212,7,2,0
1704205.46,2033741.48,102,5,1,1
3373005.17,3852926.02,228,1,1,1
4074181.57,2560461.91,56,2,1,0
2948303.34,4405516.04,102,3,0,1
2197848.22,1742487.07,93,1,3,0
3066617.75,6702021.22,188,6,0,1
2175781.38,1378255.75,10,7,1,0
3808696.25,1180847.8,198,1,0,0
1096538.05,925202.73,5,0,2,0
2149569.13,6487324.75,75,2,0,1
1020635.36,2824927.87,143,4,1,1
1275723.36,1497834.3,34,6,0,0
4618309.53,3577803.8,117,2,0,1
3740143.48,2627459.39,239,2,0,1
1808548.57,5307690.33,197,1,0,1
1271457.88,768341.19,7,0,1,1
658528.65,1555564.66,142,0,1,1
1957597.1,1395705.33,143,3,1,0
7429640.61,607903.69,16,4,1,0
3040398.69,3225108.61,156,0,2,0
1943485.87,1551261.64,125,1,1,0
3081994.11,2703598.94,163,7,2,1
1238448.61,6590710.97,71,7,1,1
2186922.31,1482163.19,61,5,0,0
2614454.82,1427825.31,176,4,1,1
2404989.26,1921395.91,173,4,0,0
3568529.07,3098049.47,38,2,0,0
2919408.66,1317972.41,51,1,1,0
3377167.84,1272212.85,140,3,2,0
1834043.71,3219547.31,198,5,2,1
3744573.28,2216741.43,48,5,2,0
5203400.52,584607.92,52,5,0,0
1615627.54,917430.16,193,4,1,0
1676700.19,4110178.22,167,0,1,1
4560324.04,2245318.14,216,5,1,0
2293745.19,1183621.61,188,7,1,1
4702105.36,1638959.11,228,5,0,0
2048585.72,1813152.12,45,4,0,0
4811751.91,2697809.14,65,1,1,0
2652385.3,852776.14,57,6,1,0
2808059.58,1133448.37,13,3,1,0
5055181.93,2091564.46,186,2,0,0
2124409.79,1703828.27,158,3,2,1
1636869.85,2465289.43,20,0,0,1
2043035.8,915355.83,47,7,0,1
3064366.96,2190670.01,45,5,1,0
1235776.05,3281030.85,96,2,0,1
3330600.57,2352637.09,109,6,2,0
1961763.16,1943126.2,69,0,0,0
4190442.89,1707534.78,223,3,1,0
851184.47,1137256.21,51,5,0,1
1754767.09,1730114.24,134,0,0,0
1170440.37,3598887.91,105,5,2,1
1723724.7,1685936.15,93,6,0,0
2794743.66,1103397.96,198,4,1,0
2306286.72,1373072.28,234,1,1,0
2230600.49,2010240.42,1,5,2,1
2327180.71,1465730.81,111,2,0,0
2739609.63,2350677.23,28,5,1,1
1587958.95,2399716.81,104,5,0,0
3436223.57,2935058.59,148,0,0,0
3368577.06,3938281.16,98,0,1,0
2972959.15,3112757.42,74,0,1,0
3211476.44,1076758.54,74,0,1,0
2856733.48,1095096.75,71,2,1,0
6246827.4,1726527.82,78,0,1,0
2403914.27,1404442.21,89,7,0,1
2177338.55,962430.87,165,7,1,0
1781050.43,1411786.86,23,1,0,0
1571094.53,1386530.46,9,2,1,0
1428005.09,1243923.39,124,5,0,0
1675869.17,1513012.12,163,5,0,1
2421735.81,3441593.64,62,4,0,1
2905843.01,2008458.65,48,7,1,1
2558201.98,7009607.14,149,5,1,1
1771452.55,1976971.58,92,5,0,1
3748567.57,1534570.43,176,4,2,0
3486946.53,1804096.21,35,4,0,1
2326695.44,2072710.67,29,2,0,1
1863541.05,2286852.32,132,4,0,1
3199783.96,5640529.22,94,7,1,1
2720671.83,1130726.57,175,3,0,0
1302953.31,2887127.31,121,1,0,1
2424680.14,2017884.11,85,4,0,1
2812874.31,758572.35,38,6,2,0
1667671.06,2750192.74,39,7,1,0
2722962.0,3614594.3,181,4,1,1
1299033.61,1123377.35,54,6,1,1
4561148.6,1791177.16,120,2,0,0
4383590.88,696868.76,196,3,1,1
2231464.13,900723.56,215,3,0,0
2944223.7,3203368.56,64,2,2,1
845206.63,1392718.49,26,5,2,1
1485771.68,978186.46,185,7,2,1
2190413.23,2042122.82,164,2,0,1
1543157.86,1350479.65,79,1,0,0
3447913.1,1389348.25,142,6,1,1
6141531.68,2703145.19,45,6,0,0
1472282.78,950120.29,168,7,1,0
1715032.79,1093994.63,174,2,0,0
2779420.62,1959189.09,71,5,0,1
5161839.45,3067804.16,112,5,0,0
1442275.81,3556492.59,80,6,1,1
2796467.43,1248574.77,7,6,0,0
5673891.5,3014228.76,30,7,0,0
1188865.05,1169420.59,230,3,0,1
1404680.1,4914557.93,109,0,0,1
2066110.3,964845.4,35,1,0,0
1977880.76,3737623.61,10,7,1,1
3603700.78,1254477.69,84,6,0,1
2787200.27,5447039.31,235,0,1,0
1124746.64,2491819.25,92,2,0,1
3152593.39,1029401.51,239,1,0,0
1927836.2,1350608.86,117,2,0,0
4436172.61,2766094.31,183,5,0,0
1884902.96,3211509.56,188,4,1,1
1877261.1,1731335.52,6,3,2,0
3189295.22,1844759.14,1,3,0,0
3524038.56,2731581.74,221,5,0,0
3058533.17,1935326.02,223,5,0,1
1170899.13,883697.02,31,0,1,1
3184853.3,1151022.81,155,1,1,0
1569649.13,2048489.38,221,2,2,1
2779205.18,3512408.53,228,3,2,0
1317334.31,4377934.33,71,7,0,1
3056088.1,2763582.5,196,7,0,1
1739019.11,2108120.06,155,5,0,0
1403690.92,2717287.94,222,0,1,1
3447018.98,1247415.36,35,0,1,0
2787181.21,1654517.85,144,3,0,0
1896483.1,1143981.55,5,4,1,0
4803386.62,905722.99,85,5,2,0
2050322.59,2162443.04,2,1,1,0
2536383.34,1993354.67,106,7,1,1
2821593.46,2627402.02,194,3,0,0
1891634.11,2430624.38,157,4,3,0
3090404.73,2056984.37,76,0,1,0
1966464.33,2444708.35,102,6,2,0
2077267.83,1758235.87,88,4,0,1
4615775.62,2258897.66,175,1,0,0
1565220.97,1207325.09,63,2,0,0
844120.17,2205876.47,22,2,0,1
5161423.32,2599752.87,121,0,0,0
7873386.78,1245406.37,199,7,1,1
2083229.98,1852052.2,114,6,0,0
1045728.33,1277372.56,49,7,1,1
2174009.03,1347442.0,11,2,0,0
2197873.73,969548.79,226,4,2,1
2295211.52,3610921.03,182,3,0,0
1514773.79,3234626.65,37,3,0,1
3244928.27,2419050.93,17,4,3,1
3165525.42,5325435.21,30,3,0,1
1276099.55,1622067.44,90,6,0,1
3424410.23,9537734.59,194,0,2,1
6296531.8,1588270.18,38,1,1,0
2701137.23,2071230.78,196,7,1,0
2147908.14,1446300.35,0,7,1,1
2345243.62,2209056.99,177,6,1,0
3297472.54,2850159.27,67,2,0,1
1147388.52,1690683.1,230,3,3,1
2691951.91,4782591.63,114,0,1,1
2097155.61,2053034.15,64,2,1,1
5742025.3,2088724.57,58,5,1,0
2311537.76,1091811.16,198,2,0,0
5295408.67,2265875.36,96,3,0,0
1521364.18,1672085.57,84,0,0,0
3256188.56,1288211.49,176,3,0,0
2886431.17,1174362.84,128,5,0,1
1690829.89,7824474.08,159,4,1,1
2707752.58,1557176.39,106,4,0,0
4314253.07,807707.48,15,7,5,0
2161028.93,1226009.84,1,1,2,0
1167550.0,1749665.02,9,2,4,1
2480319.69,2431366.71,137,4,0,1
1665624.85,2442262.23,123,3,2,1
2143065.56,2611499.74,179,7,3,1
2409878.27,1262524.76,214,0,1,0
1160379.65,2170654.88,41,0,1,1
1208336.33,1111770.69,229,2,1,1
3105643.09,1280157.38,223,3,0,0
1975985.61,1086592.58,147,7,2,1
788325.49,936292.64,127,3,1,1
3558967.76,3232002.4,42,3,0,0
2825985.41,2628788.52,42,1,0,1
1813116.27,3080070.91,4,3,2,0
1382256.26,1839343.75,155,4,2,1
3641531.32,2759448.66,103,4,1,0
2925596.85,683230.83,46,4,0,0
7304289.36,2893551.96,32,3,0,0
3020358.71,1984173.73,15,1,1,0
2976526.88,2541353.84,153,1,0,0
2319086.05,2218429.43,164,1,2,0
3610476.91,1045929.88,151,4,0,0
3312088.88,789673.89,26,6,0,0
4391043.88,1216717.76,9,7,0,0
1977227.12,2455894.79,25,2,2,1
2055167.53,2630928.81,180,0,1,0
2015151.35,848248.55,177,5,0,0
3568522.01,1049361.64,70,0,0,0
4906492.02,1209258.11,13,5,1,0
2033609.94,1478856.1,76,3,1,0
2065025.46,851001.58,194,6,1,1
2879525.38,823376.42,34,5,0,0
2238258.39,1145426.72,191,5,2,0
3837092.34,1887449.18,111,3,1,0
907547.79,940315.12,33,6,2,1
1723355.84,1688929.23,224,4,1,0
1758046.73,3221962.72,124,5,0,1
879968.23,879684.3,161,2,2,1
1620368.24,1606794.98,23,3,2,0
1656108.35,3162626.55,89,6,0,1
2283692.47,1430092.39,151,3,0,1
4125244.88,1312939.26,154,0,0,0
2238964.4,3413401.71,15,3,0,1
1572119.26,1521011.42,145,3,0,1
2436740.26,3304413.27,226,3,0,1
4008507.04,2278956.43,188,0,0,0
1611409.5,1490664.67,49,1,0,0
1659526.02,2343431.85,219,2,2,1
3214390.51,2146919.23,163,3,1,0
2262792.07,3155895.27,13,0,0,0
3345642.8,1331354.2,30,3,1,0
2484694.4,1841259.78,221,2,0,0
3428213.82,1740118.2,50,0,0,0
1569105.29,2651347.88,23,2,1,1
2486441.67,1024226.92,108,2,0,0
2273863.18,3149123.13,126,1,0,1
1446489.83,2326273.17,137,6,0,1
1237045.23,872387.02,158,0,1,0
3403750.11,3498489.2,239,4,2,0
2134776.93,6150527.55,182,5,1,1
1578167.88,3123003.97,6,6,0,1
2394106.78,3945707.53,21,4,0,1
4153283.46,1886533.32,0,4,1,1
895797.14,721775.56,94,6,1,0
1274817.87,652803.19,84,6,0,0
1650357.34,2071103.98,224,1,1,0
4825050.6,1299784.29,87,6,0,0
2839008.51,1088466.38,7,3,3,1
3531008.38,1738940.45,212,0,0,0
1496633.6,2525296.73,62,4,0,1
1510588.92,809587.85,219,7,1,0
3058140.05,1406218.2,185,1,0,0
2566425.77,4129744.5,211,0,0,1
3200231.66,996384.61,196,7,2,0
2297539.54,2904192.31,34,4,0,1
2833337.68,1378760.28,150,1,1,0
2684365.32,2430199.21,98,6,0,1
3547652.29,3291412.47,150,3,0,0
3594642.2,2706054.41,179,2,1,0
1206047.32,2967810.41,120,2,2,1
909391.01,955433.82,75,4,1,0
3923861.17,3321111.46,219,1,0,1
4266385.68,1126150.81,159,2,1,0
1579345.27,2076190.32,212,2,0,0
1082599.18,2074711.42,56,0,1,1
2613934.09,2350443.59,201,6,0,0
3800634.15,2166499.73,77,0,0,0
5613690.05,1131666.33,110,7,1,1
3153852.24,856723.19,206,0,2,0
2114922.6,2908328.27,85,2,0,1
1672604.43,1993706.93,60,0,1,1
2512915.95,3386997.81,219,2,0,0
2185012.64,1756254.74,231,4,0,0
1583298.25,831059.63,74,0,0,0
6285408.12,3062274.65,73,4,2,0
5582387.28,1468267.05,54,6,1,0
4168318.18,2172521.7,5,3,2,1
1651870.12,1260721.25,132,0,1,0
3673149.35,4446657.12,61,5,1,1
3333832.74,1111461.72,203,1,0,0
3050898.88,1495110.77,41,0,1,0
4386975.78,1909580.25,152,3,0,0
3327455.0,987169.41,121,2,0,0
3487890.59,2158842.95,146,0,0,0
3329754.44,4368140.6,27,6,2,1
2914350.16,1374420.9,111,4,3,0
1120377.55,2236954.22,150,7,1,1
2595866.1,396768.3,81,3,0,0
1946444.45,1761869.75,209,3,1,0
1405456.7,1515299.95,127,6,1,0
5328704.82,1147531.35,87,0,0,0
5443044.94,3262795.76,7,2,0,0
4608673.18,1504337.56,40,6,2,0
2804251.81,1632600.34,114,2,3,0
4590881.42,1462768.08,96,7,2,0
2513596.67,627217.4,209,2,2,0
2738881.17,965792.88,188,3,1,1
1528410.97,3053804.17,38,7,2,1
2988993.83,564008.37,141,1,0,1
2568865.6,1180942.94,109,7,0,0
1391103.45,1444756.27,24,0,1,1
2443061.66,4696317.5,159,2,1,1
2411894.23,2747025.63,128,4,0,1
5613605.79,1324907.8,20,4,2,1
3738508.48,3688681.95,112,7,0,1
2512909.33,1197819.67,175,7,0,0
2796154.33,3135509.11,78,5,0,0
2550237.02,852488.28,85,5,0,0
2281833.85,3248126.84,26,2,1,1
1536025.89,1439668.9,49,6,0,1
2335713.44,1022355.55,235,5,0,0
1787014.8,1597368.64,148,0,0,1
1424254.81,2096618.82,42,6,1,1
3146656.78,1371184.59,115,2,0,1
2981301.14,2441130.11,46,3,2,1
1118817.53,1306223.34,106,3,4,1
2365720.54,2531954.37,34,6,3,1
3913203.53,2295633.41,148,2,1,1
4026676.78,1740685.47,136,3,1,0
3966631.76,1412027.19,152,0,1,1
2544162.9,1956454.88,106,2,0,0
1709191.3,2436167.78,68,0,0,1
1535147.18,5594456.51,59,4,0,1
2919355.69,3017618.36,51,7,2,0
2965266.02,3078926.93,103,3,0,1
4461967.14,9840124.59,108,7,2,1
4101208.04,2390646.49,161,7,0,0
2355582.01,2349824.39,12,0,1,1
1428175.97,2651153.84,67,4,0,1
2165589.83,1033401.08,204,4,0,0
2756728.83,1410072.0,219,3,0,0
2282687.03,1362598.54,223,6,0,0
1927528.06,2570175.93,73,3,0,1
2801314.86,1635568.84,32,0,1,0
1992738.35,1942177.08,47,4,0,0
1884497.1,3273588.25,31,1,1,1
2876126.74,2893652.58,229,2,0,0
2086303.98,1646810.05,212,4,0,1
2790268.16,1245191.54,194,5,0,0
2827046.54,3360829.33,175,2,1,0
1497126.62,2755025.82,82,3,0,1
2013213.55,744044.39,114,0,2,1
4774505.24,1515206.9,201,3,1,0
1481944.31,1971550.26,195,4,2,1
964443.75,2762519.18,124,4,0,1
1081620.54,2969348.26,201,2,0,0
2532964.12,2104199.2,83,0,1,0
2535025.02,2483509.81,99,4,1,1
2371128.13,1864628.63,201,5,1,1
4317498.38,1242553.13,90,0,0,0
750898.52,1559072.74,180,4,1,1
2987571.87,1818899.81,108,0,1,0
5047726.39,1765992.89,71,3,3,0
1504994.72,638088.41,52,5,0,1
2107237.4,1446534.7,145,5,2,0
1781559.97,1856512.59,115,5,1,1
1671689.87,1541927.36,88,6,1,1
2158627.99,1571504.71,178,1,1,0
4752444.46,2354155.16,0,6,1,0
5715116.81,994376.09,22,2,1,0
2149248.14,735182.47,230,2,1,0
5891836.97,1486305.16,159,6,0,0
2540345.63,2740251.18,131,2,0,1
5503871.17,4553703.4,3,0,1,0
2397211.87,2767535.45,143,5,1,0
2651874.51,802712.71,104,5,1,1
2946901.4,1584049.72,143,4,1,0
10451807.06,2072873.01,9,1,0,0
3666982.95,1984688.11,132,5,0,1
1818517.65,2421541.13,138,1,0,1
3866461.6,1086987.1,69,4,2,1
2124350.46,1865455.69,13,4,1,0
2005519.54,2268149.32,233,6,0,0
3762792.41,2834613.76,170,7,0,1
2535217.03,1155625.4,149,1,0,0
2833888.77,1488770.17,184,0,0,0
2515782.99,406849.05,161,4,2,0
2908836.4,1278877.3,32,7,1,0
3026858.81,1348993.12,109,1,1,0
1045667.68,1027383.4,213,3,0,0
3374504.28,1971655.11,69,3,0,0
1607020.74,1745457.46,233,2,0,0
1306374.99,519555.85,15,5,1,0
2435143.46,2026511.92,79,2,0,0
2596286.57,1080267.17,84,3,2,0
1829811.5,2351175.92,148,6,1,1
3633713.28,889379.26,42,3,0,0
1366580.87,1829952.96,54,0,0,0
2081660.82,1540407.26,158,7,0,0
1921483.17,2126532.46,68,2,0,0
2448134.88,1927782.09,210,6,4,1
2834256.54,1564312.4,208,6,2,1
1588418.56,773242.08,72,4,0,0
3463286.3,798773.61,134,0,1,1
2571891.96,1305581.91,79,7,1,0
1067068.23,1791821.55,82,5,1,1
1035541.61,1288205.67,160,3,0,0
2486179.14,2538702.76,70,6,1,1
2263371.33,1543750.98,35,6,1,0
2386318.21,1058687.22,62,6,0,0
2468717.11,1544706.16,223,1,0,0
2767080.13,2038082.83,62,5,2,1
3829495.44,2152162.74,87,2,0,1
1516330.89,5057615.81,150,0,2,1
1475362.19,1245935.34,24,2,0,0
1528512.43,1728706.43,64,0,0,1
2847106.55,2275397.67,41,0,0,0
4377671.9,1776960.0,221,5,4,0
2058933.2,1366765.07,223,4,1,1
811010.56,767739.51,181,3,0,0
1161246.44,1359106.72,59,1,1,1
1718452.55,997254.11,147,6,4,0
1945098.72,696388.9,158,5,0,0
2080307.77,1162023.99,208,4,2,1
2543782.73,1011957.14,37,1,0,0
2172774.41,2481515.01,176,0,0,0
4008806.46,2505246.61,46,0,0,1
1844268.91,1094889.07,136,0,3,0
1695957.79,1559961.15,211,7,1,0
3101186.33,647752.37,14,2,0,1
1252638.09,1371492.68,35,5,0,1
2979191.63,2241682.52,195,7,1,1
2618075.92,2833471.12,4,7,0,0
2339510.25,1216053.49,164,2,2,0
5109057.68,3210115.24,120,3,0,1
1889471.92,782044.3,83,3,3,0
6318140.3,906278.5,207,0,2,0
2258829.1,2659400.42,203,6,0,1
1407244.21,4512734.73,78,4,1,1
2579910.07,2361210.14,1,2,2,1
1540304.91,1760500.87,30,4,1,1
1782470.99,538178.82,25,5,3,0
2989050.32,591816.17,235,0,2,0
3210101.87,1932784.89,143,5,1,1
1889505.71,1478240.01,162,6,1,1
3898621.57,979784.45,55,5,0,0
4208764.86,1866060.61,204,4,3,1
4771336.82,1917666.18,173,0,0,0
3172521.71,3025920.65,180,5,1,1
4617408.66,1940446.15,112,6,2,0
1072434.65,3537440.94,167,3,0,1
2166759.61,1807931.51,130,4,0,1
1692384.31,1689364.49,92,4,2,0
2637792.44,3232184.96,142,0,0,1
1933126.39,1050897.1,77,2,0,0
2319889.84,8463245.8,228,6,0,1
5831471.84,2212622.09,172,7,2,1
2316174.32,2219413.02,177,2,1,0
3011677.63,2402691.22,172,3,0,0
2251889.26,5054160.3,107,7,1,0
2586645.11,2783379.23,228,1,1,1
2506777.94,744535.96,49,2,1,0
3058842.45,3895006.61,136,0,1,1
4223563.16,1492262.68,16,1,1,0
5246798.24,1909271.88,70,5,1,0
2873755.67,890650.65,137,2,2,0
3259542.44,2404153.28,117,7,1,0
1489442.22,1258009.62,225,7,1,1
2403067.86,1901950.55,147,7,0,1
3816832.89,1539614.73,98,5,1,0
3691292.32,5189014.04,102,5,1,1
2749764.06,5354995.32,146,4,0,1
3725376.85,1846642.1,189,7,0,0
3117825.34,1864465.48,66,0,1,0
4290608.43,1465788.08,140,5,0,0
2847673.52,3307161.03,137,1,0,1
2130222.62,1502124.95,2,2,1,0
2907865.47,1427680.59,219,2,1,0
668661.89,3083337.89,136,4,1,1
2970081.26,1338731.02,58,6,0,0
484084.87,1763007.92,152,0,0,1
1151116.34,754323.27,162,4,0,0
3063587.46,2651409.42,219,1,1,0
3099308.23,5234458.92,8,0,1,1
1481711.41,2676367.92,99,3,0,1
1814563.26,4021987.59,43,4,2,1
4632210.47,1130240.55,137,1,1,1
2010688.44,2049846.72,120,3,0,0
6859296.41,1071488.4,113,7,2,1
2497841.1,1588063.92,235,2,2,0
3003886.68,2752481.8,127,7,0,0
5175232.22,1903678.38,98,6,0,0
2651837.87,827649.19,16,2,0,0
1592389.85,873297.2,69,4,1,0
2379554.72,842102.53,215,5,1,0
2460257.21,2358640.96,108,3,2,0
1352773.58,5600907.62,218,3,2,1
2228138.09,3808131.69,127,2,2,1
1790158.73,634444.67,131,1,0,0
3789566.84,3932905.36,103,0,1,1
2539243.18,3012610.25,133,2,0,0
2201265.99,769412.3,16,6,0,0
2383354.29,1523523.55,13,1,1,0
2764046.25,3288146.37,114,1,2,0
3299784.36,2436408.66,143,2,2,0
1594276.82,876152.06,132,4,0,0
1564515.67,2518578.99,102,1,0,1
4109890.47,555526.67,70,1,2,0
2076614.95,1592387.51,170,0,0,0
1321426.44,3365790.62,145,2,2,1
3052638.97,1818302.7,11,1,3,0
3079622.87,1368028.99,108,6,1,1
1255418.35,2935644.75,170,7,1,1
2771967.91,3076830.98,188,2,1,0
3480942.61,3699910.0,68,0,0,1
2958743.35,2911519.18,221,0,2,0
3322383.34,3262659.96,156,2,0,0
1328924.06,2693620.96,105,3,0,1
2901589.82,2083038.04,150,4,3,1
2181716.26,1890831.38,209,2,1,0
2011810.7,1579792.99,54,2,1,1
3698919.52,924025.24,36,2,0,0
4864501.59,1064351.12,105,4,1,0
5605550.44,1541380.9,20,5,2,0
4517479.81,2055636.13,200,0,0,0
2379547.52,3975830.25,232,3,2,1
2930036.28,1759092.74,145,5,0,0
3530222.94,3125826.18,235,5,1,1
2640110.6,3258967.01,16,4,1,1
2651524.13,1584851.84,151,4,0,0
3621830.79,2496441.41,106,5,1,1
2434188.76,1574355.91,66,3,0,1
1800585.0,3724607.24,74,4,2,0
2074619.68,2553590.74,130,2,0,1
3325268.43,935214.47,153,3,1,0
2503369.72,1967227.56,39,0,1,0
2913587.74,4455985.97,147,2,0,0
3379833.31,1629233.4,222,1,0,0
2111950.81,2302579.3,2,1,1,0
3513463.86,2430312.93,210,3,2,0
2964682.38,1017800.65,145,4,0,1
1434225.3,2383752.76,82,7,0,1
4784243.37,836254.18,176,0,0,0
1995621.63,1275953.07,148,7,3,0
1187081.56,3252533.71,184,2,0,1
1562084.37,2190221.38,19,5,0,1
1579045.28,1522454.55,14,5,1,0
2559389.43,2300991.75,154,7,0,0
2210144.74,1741481.05,72,0,1,1
2148384.89,1812495.89,57,7,0,0
3304075.2,2583220.44,101,0,1,0
2913149.05,1206513.03,174,7,0,0
2882080.05,1840379.29,43,5,0,1
3006310.37,1515945.23,233,3,0,0
3298775.48,752544.47,100,3,2,0
968227.43,1084952.27,36,0,0,1
2121860.97,4264394.54,17,6,2,1
937251.34,2224171.5,205,5,3,1
2540898.35,869195.77,27,7,1,0
2494793.34,771508.0,100,5,2,1
4001944.05,1692313.49,160,7,3,0
4266211.55,4247961.66,123,7,0,1
2738853.78,1624288.2,63,3,0,0
1995966.21,3693728.64,25,5,0,1
3109970.47,2184416.16,170,2,1,1
1971368.15,2332578.75,117,6,1,0
2498433.76,863415.18,11,4,1,0
3896396.2,3014470.74,43,3,1,0
1945061.56,1497166.08,135,5,1,1
3592492.03,2893559.82,40,2,1,0
3390988.08,1150265.95,93,4,1,0
1626831.75,1984096.82,29,3,0,0
3874990.03,2184502.88,191,2,1,0
3423438.95,1653787.88,151,7,2,1
2617336.98,2248552.15,188,0,0,0
1774014.71,1554677.73,12,6,0,1
1698334.43,1259612.08,90,1,2,0
1962742.19,4352726.91,64,1,1,1
3191395.37,3204995.68,149,1,1,0
1626221.79,1184488.52,197,0,0,0
3043996.36,2460663.51,54,0,1,0
1429751.63,1196395.51,184,6,1,1
2280648.58,938202.11,139,7,2,0
2626447.63,3178412.5,197,4,0,1
7512732.87,705062.99,19,0,1,0
1345140.79,2996837.05,237,6,1,1
4848635.31,1566414.72,104,4,2,0
2674385.99,1602293.49,67,4,1,1
3008128.41,2254999.69,43,7,0,1
2636750.51,2477985.7,236,3,2,0
3053894.92,1142590.35,212,2,0,0
2332947.37,2671221.21,31,6,1,1
4809597.08,1915809.91,106,4,1,0
2035779.35,902087.76,176,5,0,1
4161170.02,1639441.6,141,5,0,0
1870724.01,3847756.01,45,6,0,1
2433127.34,4526340.62,86,2,1,1
1543276.24,2670667.17,88,0,2,1
3068078.3,935286.62,69,3,0,0
4790320.95,2357544.15,230,5,1,1
2414471.57,2874159.15,48,6,1,1
2288032.25,2682974.47,169,2,1,0
1513936.33,2771840.45,218,5,1,1
2254907.69,2198073.64,190,6,1,1
1220832.88,1729720.58,191,6,1,0
1657806.99,1288120.97,38,6,1,1
2768607.41,633764.48,31,7,1,0
4526036.77,2169701.58,187,5,0,0
8850160.72,1993946.28,179,2,1,0
1920004.33,2445998.39,178,3,0,1
4769186.77,862549.82,100,5,3,0
2789826.33,2566507.03,125,1,1,0
2335507.68,5572180.6,3,4,0,1
3037267.42,1879365.53,69,4,1,0
2570635.51,1739974.99,126,5,2,1
2627331.81,2133444.82,30,3,1,0
2080359.69,5504533.52,31,5,0,1
1332612.61,1025089.98,10,0,1,0
1248146.18,2012847.69,50,5,1,1
3354326.25,1159484.0,238,6,1,1
2207312.45,1332336.37,167,7,0,0
1911810.55,1751569.07,227,7,2,0
2509587.17,3776563.42,61,2,1,1
3575161.13,4846862.05,143,0,2,1
2711371.26,2303120.27,214,5,0,0
1860910.74,1463249.38,84,0,0,0
4341077.38,7090763.64,157,2,0,1
5088200.38,1422807.03,166,5,0,0
3123147.25,1314770.22,199,4,0,1
3874587.91,678119.33,232,4,1,0
4371790.85,3879231.35,147,6,0,1
4157173.62,3065840.45,139,1,3,0
3295755.28,6804469.73,208,6,1,1
3272476.06,838239.7,164,4,0,0
3158628.74,4013969.33,86,3,4,0
1525754.1,1870790.75,151,3,0,0
3426763.24,2804265.87,131,4,1,1
1358219.22,727245.8,54,4,2,0
1748434.78,4035909.45,123,2,0,1
4494682.41,2774223.47,149,1,1,1
3648768.83,1761888.32,216,1,1,0
4882317.29,2566642.55,139,2,1,1
2212310.09,1181475.7,39,2,0,0
1488514.66,1308778.97,237,4,1,0
2243627.54,1394996.81,138,7,1,0
2617461.14,649720.08,68,0,1,0
2590460.49,2891437.65,181,2,3,0
4163878.4,3466561.4,92,0,0,0
2124887.88,1223906.0,88,7,1,0
2929132.32,2179942.11,201,5,0,0
1602249.4,1555410.35,208,1,1,1
3061587.3,2156178.29,125,3,1,1
2503499.57,1274583.15,89,5,5,1
1784029.78,1107275.87,207,7,3,0
2248284.59,3210503.74,41,4,0,1
2301156.09,1737865.86,179,2,1,0
2213823.08,5473655.02,140,5,0,0
5547760.27,1846435.72,204,5,0,1
2391665.61,1081602.51,100,5,1,0
2240138.03,3534614.17,199,0,1,1
972814.17,2546517.54,3,5,0,1
1671794.2,2684693.96,181,0,0,1
2220889.28,3464668.78,16,7,2,1
1836124.37,1257026.11,154,7,0,0
4655545.78,1678326.8,46,4,0,0
2321163.88,1638021.74,231,5,0,0
4464202.75,885038.68,184,0,1,0
2570390.46,1557079.7,25,6,1,1
2542234.09,3753900.25,214,2,1,0
2402073.52,2050990.04,60,2,0,0
2504274.43,858518.49,130,5,0,0
5418117.79,764965.14,20,7,0,0
880263.4,4497013.44,25,3,0,1
1015717.39,1712768.74,57,4,1,0
1957883.14,1260755.38,128,4,0,0
2516397.41,1548197.26,130,2,0,0
3410427.75,798729.77,205,4,3,0
3093119.01,3937275.54,39,7,1,1
2103031.91,1450063.79,179,3,2,0
3954524.61,3818499.35,1,6,1,1
3974419.36,1851868.46,69,6,0,0
2715881.98,3951239.2,42,6,1,0
3855445.79,2072941.55,29,5,2,0
2826335.79,2877910.84,140,7,0,1
1941815.52,2673230.97,216,5,2,1
3422284.5,2536022.1,160,7,0,1
2627588.85,2179620.17,204,5,2,1
2501507.78,1583628.56,141,6,0,0
4850684.55,5161750.39,12,7,1,1
829774.15,1093049.31,83,7,0,1
1320925.8,1804269.62,197,4,1,1
1465371.86,1814797.51,10,5,0,0
2122985.69,2245951.09,23,7,1,0
2229365.59,1421306.77,200,3,1,0
1268701.82,2140195.4,15,0,1,1
1604752.63,1640372.32,230,7,2,0
1697084.84,754057.07,182,5,2,0
7554410.56,1809481.65,159,3,2,0
5624176.9,982628.39,128,5,0,0
2077163.98,693415.77,21,0,1,0
2122677.47,1940735.43,99,3,1,1
1490555.6,2354015.29,193,2,0,1
1059325.14,2404809.25,216,2,0,0
2371907.89,2458940.47,107,7,1,1
1595611.96,621799.68,201,4,1,0
2406342.58,851485.64,186,1,1,0
1216767.92,5329318.96,13,2,0,1
1774293.34,1011892.0,148,1,2,0
2672923.79,2518715.96,147,7,0,1
2947876.41,1233642.25,130,2,2,0
3016668.61,1880629.71,185,2,1,1
1379982.32,1270609.69,213,2,0,0
3672597.99,2451338.74,132,1,2,0
1744024.67,1940629.55,76,6,0,1
3323693.93,1406672.93,235,4,1,0
2488060.09,1010244.11,231,3,0,1
1345702.74,2085612.28,164,3,1,1
2168426.45,923847.12,153,5,0,0
2946754.56,2277096.66,24,0,0,0
3294074.19,7632026.18,96,7,0,1
2346315.39,3782481.19,47,4,1,0
4980803.55,2672135.6,123,1,0,0
3934054.52,1717213.04,198,4,0,0
2227314.01,619695.36,53,6,0,1
3503791.08,869818.38,239,1,0,0
5968512.9,3644877.42,31,4,1,1
6040632.97,1165815.48,23,4,0,0
1438629.3,1225315.07,233,6,0,0
1647651.32,1643254.79,24,4,0,1
4876872.76,1003667.93,176,5,0,0
1552807.0,916735.64,183,6,1,1
1378708.54,1750717.89,79,7,1,0
2008731.39,1102351.32,15,2,2,1
3020410.51,1197488.5,74,5,0,0
2387417.44,1171320.33,16,1,1,0
1865514.9,2399078.69,161,6,0,1
1845767.4,1584260.18,213,7,1,0
1814371.37,1631617.87,239,2,1,0
1682888.06,2499540.48,192,4,0,0
6979836.74,1664733.22,185,6,0,0
2858139.0,1544572.38,211,0,0,0
3725988.95,2331552.51,184,5,3,1
2006126.75,2599438.55,156,6,0,1
2299312.64,1660130.54,239,6,0,1
1813378.07,1881597.11,77,1,0,1
758071.16,1170934.37,99,6,2,0
1344721.0,1121212.84,217,6,1,0
1106843.56,2747847.26,74,0,0,1
908362.3,2299070.24,71,5,2,1
1459916.43,2312203.13,36,5,0,1
4538156.12,2100670.45,66,7,0,1
2450505.81,1846327.38,142,0,1,0
4468462.66,2640090.52,212,7,2,0
3007872.12,3010470.81,32,4,0,0
3555309.8,2971188.58,163,2,1,0
1666769.1,1702944.5,183,3,2,1
3164732.9,3859866.77,214,6,0,1
3470199.68,2041000.32,180,7,0,0
1928609.83,2548725.86,37,2,0,1
3215824.88,2102096.13,117,7,1,0
3225458.86,2061925.7,228,5,0,1
1952268.54,1200962.2,218,1,0,1
1508393.14,2647271.87,147,4,0,0
1467313.21,8608056.63,231,6,1,1
2599237.74,1464698.43,160,0,1,0
2896332.19,1871675.01,15,0,0,1
1750067.06,1408286.57,219,0,1,0
2530088.13,1376268.32,40,4,1,0
3231777.83,4209036.99,91,0,0,0
3301828.99,1243155.13,57,7,0,0
5026062.06,1386860.29,172,1,1,0
4441233.29,751762.83,7,0,1,0
1593144.26,1186609.66,153,2,2,1
5332949.84,703397.39,207,6,0,0
1968656.45,2547924.87,189,7,0,1
4000756.62,8394864.39,73,2,2,1
2577666.97,1471251.4,215,4,0,0
2076790.16,719693.25,86,6,0,0
1108299.82,2952896.29,163,6,0,1
2314252.41,1206806.89,121,1,1,0
1239326.73,3678214.62,16,6,0,1
3863507.26,1541368.55,0,6,3,0
4947326.98,1271615.37,43,5,2,1
1746617.02,1632169.33,224,4,0,0
2863880.62,2730716.1,228,3,2,0
1803744.08,1588365.21,98,7,2,1
1884142.11,1369694.99,232,6,1,0
3542431.47,1613538.0,11,4,0,1
2457018.23,894282.39,232,5,1,0
5469199.99,2239279.24,55,3,1,1
2012315.64,673738.68,8,5,1,1
3919609.7,1409901.53,181,0,0,0
2612027.57,2733132.89,91,7,1,0
3576522.06,2126469.77,70,4,2,0
2044329.34,2490448.91,182,4,0,1
2444863.41,1736743.04,79,1,0,0
2373382.7,3425156.16,180,4,1,1
1716118.46,2993284.33,46,0,0,1
3367691.26,2300586.79,20,7,1,0
3349807.17,2997974.35,77,5,1,0
3265426.38,2719694.67,146,3,0,0
4992442.54,1413518.14,53,6,0,0
4799423.91,859540.15,34,6,2,1
2111852.7,2268198.34,179,0,1,0
2956967.57,2430594.17,118,0,0,0
1888287.67,3279025.45,103,2,1,1
2526413.29,1075526.13,57,0,0,0
1908663.92,1093353.5,4,4,1,1
5182680.38,2318062.74,12,4,0,0
2944546.75,1730905.74,163,4,0,0
2266365.9,638022.19,19,0,3,1
4277715.43,2212440.39,59,7,2,1
941306.76,649829.06,218,7,0,0
1009994.18,1070253.53,82,4,1,1
3576619.67,3785626.59,178,0,1,0
2568960.99,4910963.35,82,3,0,1
2798242.57,922355.7,223,5,2,0
1376318.92,1501735.32,197,5,1,0
2473998.24,1842694.78,112,1,1,0
6158726.18,4794461.87,164,6,0,1
3622558.56,1372602.73,99,7,0,0
2698399.12,1384723.46,226,4,1,1
2051797.98,4218947.64,86,3,0,0
2093281.54,1464703.2,200,4,1,1
959015.23,2677805.47,147,0,0,1
2807316.15,798802.17,154,4,0,0
3657420.55,1638217.33,84,0,1,1
1230304.91,722533.43,199,0,1,0
1856425.99,1007324.78,179,4,0,1
1485025.06,2855786.85,195,4,1,1
1619119.84,1751265.55,192,7,1,0
2560896.68,1510255.0,37,4,2,1
978543.3,1192407.5,210,7,0,1
3296009.29,1594285.74,202,6,0,1
3509682.27,2124207.74,58,2,0,0
2232885.21,3090678.29,235,7,2,1
818707.75,424839.42,126,3,3,0
1596641.48,1139190.61,77,4,0,0
4354007.14,1964601.84,53,0,0,0
716192.21,1704738.88,87,1,0,0
2138073.51,2247106.97,9,4,0,1
1470041.13,2085343.98,165,2,0,0
3590700.71,1522127.98,169,4,0,0
1845018.77,1347185.24,160,0,0,0
2998373.7,1572648.04,131,2,0,0
3224403.33,3385816.06,87,5,0,1
5712132.15,1203437.81,173,4,0,1
2281805.14,1738883.02,209,7,1,1
2960951.59,1990975.82,21,7,1,0
1281480.14,4246009.82,91,6,0,1
4271550.33,1525949.93,238,0,0,0
1775463.92,3049965.64,206,4,0,1
1942452.52,3544422.84,238,1,0,0
2475096.1,1737977.05,43,2,1,1
1237375.71,1603023.01,111,1,0,1
2771080.3,1502014.41,31,3,1,0
3863797.68,1563745.56,207,0,0,0
2852257.97,2879505.53,124,4,0,0
1222975.51,2043864.04,58,1,1,1
2364523.57,2048680.66,21,4,2,1
3491054.15,969391.94,177,5,1,0
1073791.44,1057245.69,194,1,0,0
1541330.53,5851408.6,211,0,0,0
3708900.06,1632287.68,233,6,1,1
2823094.65,1175462.95,195,5,0,0
3009211.08,3954646.46,188,2,1,0
5772258.33,2101773.19,194,7,2,0
3086813.97,2473840.67,239,1,2,0
3361342.13,1668392.81,111,7,4,0
8466576.36,1510614.41,182,0,1,0
2270678.49,1639701.41,196,5,1,0
1745853.4,841373.73,27,0,1,0
3030716.65,1715023.17,165,1,1,0
3046022.66,2118280.89,81,3,0,0
1972434.97,4980555.56,31,0,2,1
1570999.55,1887184.72,40,3,0,1
7069011.98,498570.28,27,1,1,0
2896115.32,1709318.37,215,0,1,0
1798157.11,8121492.46,185,7,0,1
3775222.68,2898774.59,24,7,0,1
2380178.33,1152343.56,150,7,3,0
2231098.54,2491525.69,158,1,1,0
3219781.58,1196833.45,124,3,2,1
1397861.7,854868.63,145,2,1,0
2929913.71,1486142.02,217,2,0,0
5912805.34,1892930.59,124,3,2,0
3083516.54,642814.65,158,4,1,0
2110648.58,956713.84,137,3,1,0
1989917.85,1810261.35,95,2,0,0
2078481.84,1438054.87,213,7,2,0
2230013.25,2236546.34,99,7,0,1
2109134.75,922857.07,191,2,0,0
3775870.23,2665920.03,145,1,3,0
1146079.1,938679.82,164,4,1,0
3684706.06,4442825.42,182,2,1,0
2107351.18,700556.41,176,7,0,0
2962155.57,986967.48,135,3,0,0
1505531.77,2264469.71,147,0,2,1
4545668.09,4495671.09,122,1,0,0
4379026.61,2140544.71,81,0,1,0
3850128.28,2453114.69,174,3,0,0
1264467.5,1817445.53,210,2,4,0
3630590.16,1023540.32,169,6,0,0
2999589.73,1374665.7,185,7,0,0
1213997.55,924258.32,199,1,2,1
2472814.34,890917.17,88,7,0,0
2945655.14,2245096.65,15,4,0,1
3210814.38,970483.16,81,2,0,0
2707588.39,2145862.07,181,3,1,0
2850073.75,879663.48,195,3,0,1
4852120.66,2118688.63,123,1,2,0
4340571.37,1375766.8,186,6,0,0
688056.72,3901750.15,17,0,0,1
2167215.97,2150783.21,154,0,0,1
2321463.42,3551845.25,162,2,0,1
1136378.41,1187892.79,121,1,0,0
2608233.33,1856448.96,171,0,0,0
4385184.63,1049368.68,117,3,0,0
1533166.49,1433764.9,125,3,0,0
2908597.93,1558352.76,144,1,1,1
1655611.07,1207515.14,190,6,0,0
1847679.12,922433.58,59,7,1,1
4860386.04,827250.39,72,5,1,1
1958423.3,497044.96,100,4,1,0
3078019.44,1006819.26,48,7,2,0
1077068.05,2541891.04,80,2,0,1
5779595.14,747226.05,84,3,0,0
3278822.4,848164.31,75,0,1,0
2302892.18,4820033.5,98,5,0,1
3239071.33,1268346.19,121,0,2,0
1325609.02,2147623.69,167,5,0,1
4256424.83,2562699.24,72,6,0,0
2160841.18,2591342.38,202,1,1,1
2280647.63,779201.06,115,4,1,1
2003800.66,1585189.31,173,2,0,0
1925137.9,739161.88,27,3,0,1
3417442.65,6912016.97,41,4,0,1
2805127.0,748716.61,108,1,1,0
3352067.75,1011540.63,87,6,0,0
2490125.53,1015576.26,119,3,1,0
3149458.86,790273.18,38,3,1,1
2070538.66,3787527.06,113,6,1,1
6818708.34,6821865.79,164,1,4,0
1234569.15,1385588.07,174,3,1,0
4409284.92,870710.21,59,7,1,0
4626724.12,525964.08,82,3,0,0
1703728.81,1573853.18,126,0,1,0
6817302.44,1512532.93,124,2,1,0
3912831.81,1258063.7,190,7,2,1
3870188.78,2033062.05,93,6,0,1
2531724.56,2236991.52,161,6,0,0
2267184.97,2150031.42,212,2,0,0
2275174.52,1512733.06,71,6,0,0
2980316.49,982057.58,197,3,1,0
4696532.9,2596059.89,79,6,0,0
2712530.95,1812431.35,80,7,0,0
1658877.39,2934048.77,156,1,1,0
3622929.35,2779658.89,149,7,0,1
3784101.85,823507.62,131,5,1,0
3356462.26,817883.36,55,5,1,1
3496509.69,1187962.04,23,6,1,0
2213053.14,1006864.14,218,1,2,0
1645831.3,2726926.48,209,5,0,0
1691479.67,2183670.09,212,1,1,1
1197615.23,3294774.94,123,2,1,1
2781297.67,2238608.38,212,0,0,1
2407860.95,2018882.08,113,1,0,1
2050935.98,3482108.65,18,7,0,1
661174.33,2330625.54,47,2,0,1
1426177.62,1868698.49,65,3,0,0
4139889.2,4063464.09,90,3,0,1
1853747.07,1917718.41,225,5,1,1
2940433.4,1522569.45,79,4,1,0
1337072.19,1135398.71,147,4,0,1
4776500.66,2649711.24,64,6,0,0
2343108.07,3554322.48,154,3,2,1
2848546.63,1750608.77,136,6,2,1
7119885.46,3695590.15,36,7,2,0
4946542.15,609131.2,110,5,0,0
2177845.75,1745929.9,25,0,0,0
1914280.15,1760740.51,213,2,1,1
2159324.58,1206760.82,168,4,0,1
3144783.17,6678612.36,225,3,0,0
2384381.76,1735647.8,210,2,1,0
2092649.29,1438404.83,52,2,1,1
4838101.03,1825886.87,169,0,0,0
2374759.76,598241.42,24,1,0,0
7036464.37,1185138.1,230,6,0,0
2604198.33,3091228.7,188,0,0,1
5582764.08,1273624.43,163,6,0,1
2936106.76,1141000.29,238,2,0,0
3855971.52,3698864.07,203,6,0,1
1804377.68,3761909.17,207,2,1,1
1702502.25,2392003.8,24,6,0,1
3074549.58,1401400.55,5,4,0,1
3900636.29,1577872.75,230,6,4,1
2545701.26,1156622.58,60,0,1,0
1401318.71,1041499.45,102,6,1,1
1355505.53,1013447.21,10,2,0,0
1315319.17,1281276.36,149,2,3,1
1128467.8,1018865.87,196,0,0,0
2626255.7,761662.95,202,7,0,0
4147727.1,2030857.53,139,5,0,0
2484952.71,2047898.68,158,7,1,1
904027.13,4586983.79,123,4,1,1
2294347.58,1246326.67,107,1,2,0
2323398.96,2118359.54,133,2,0,1
6420462.59,2137802.82,224,3,0,1
1297680.8,1565454.2,60,1,0,1
2096953.99,2710600.34,112,7,1,1
5386654.14,2757054.0,144,7,0,0
3061120.38,2155155.26,136,4,3,1
3221289.08,1563903.32,7,4,1,0
2632288.79,1478673.06,68,5,0,0
2900158.31,848336.44,155,5,2,1
3547400.28,1155498.54,166,0,0,0
1736761.01,1278493.62,176,4,0,1
3711429.43,970059.56,237,6,2,0
1347753.83,2292733.67,161,6,0,1
2898102.81,3476173.06,139,4,2,0
2709391.76,1092372.93,79,7,2,0
1894507.37,2103661.62,88,4,1,1
2474608.89,1019207.68,198,3,2,0
1889189.05,1522082.51,112,3,1,0
1543457.66,1231342.94,171,5,1,0
2132220.87,2506354.41,29,7,0,1
1521194.45,1239184.09,30,1,1,1
2890847.15,3139928.07,51,2,3,1
1489964.45,1572458.38,46,5,2,1
3444161.2,1259235.29,145,6,1,0
1469063.54,903452.96,152,3,0,0
1937615.36,2068966.37,133,5,1,0
1887435.82,2945141.27,69,0,0,1
4538546.29,2091984.96,138,2,0,0
2900610.43,6166578.1,28,7,0,1
2272795.38,3951794.44,113,4,0,0
3129003.18,1519902.81,37,6,1,0
968559.05,1511150.95,18,1,2,1
2451942.62,2330586.29,39,2,0,0
6142133.22,1135276.37,26,7,3,0
2653412.8,3418648.28,114,7,3,1
2577581.76,2196064.63,130,7,1,1
3199352.68,2072672.97,145,2,2,0
3740850.87,2626392.37,105,6,0,1
1017583.52,4642918.25,42,3,1,1
1172623.82,1977457.86,5,6,1,1
2748133.11,1691497.89,170,6,1,0
1812299.13,4127130.86,235,3,1,1
4511826.68,3064668.46,67,2,1,0
2169425.22,1508699.09,49,7,2,0
1046814.66,1805141.91,74,3,0,1
1412956.71,2004202.39,51,3,1,1
725377.2,2196321.21,53,5,0,1
2250009.05,853556.75,118,7,1,0
2296802.35,770604.61,188,1,2,0
2065314.49,1104863.89,170,7,0,1
4062450.24,1058846.94,230,3,0,1
4287160.64,1263244.56,85,0,0,0
2315477.53,2552000.39,118,2,2,0
956646.42,1640294.22,91,3,0,1
3300478.45,2005320.1,10,5,1,0
3209781.4,917979.51,93,4,1,0
2873460.17,1396380.39,62,1,0,0
3888240.02,2486257.03,114,3,2,1
1480112.49,2496801.51,37,1,1,1
6173282.19,1208368.45,177,2,0,0
1623441.44,1967376.59,202,5,0,0
3502374.09,6032448.52,230,6,2,1
1169977.21,1782662.09,20,1,1,1
1644886.89,1229409.34,28,4,0,0
4946383.1,1635939.65,231,3,0,0
2223062.64,1893608.13,203,2,0,1
3648280.29,1656395.83,141,5,3,0
2781306.15,1769224.97,77,1,1,1
2384667.17,813744.31,124,6,0,0
4618284.79,1060075.26,128,3,0,0
2247445.55,1658066.7,203,0,2,0
1121826.97,1643600.53,127,6,0,0
1741649.57,1318352.12,6,6,1,1
3203766.05,1633016.95,167,4,0,0
2987000.87,1861429.68,186,5,1,0
1235053.78,2935753.25,71,1,2,1
1804595.74,1704412.05,27,2,0,0
1924211.21,2241832.09,34,2,1,1
2120876.43,1336302.54,201,6,0,0
1345989.75,2465610.18,107,2,0,0
1884238.45,2213197.56,127,5,0,1
1801133.18,2897899.07,230,2,1,1
3537713.8,2664962.32,14,4,0,1
3598061.84,2488278.88,49,1,1,0
2341229.05,1705156.83,199,4,1,1
2095668.98,2059582.39,129,0,1,0
2662476.41,3230757.32,6,5,1,0
1731229.65,1257525.19,168,0,1,0
1492147.41,1274001.06,33,7,2,0
1637533.57,1988884.51,187,6,0,0
1878784.09,2261866.81,191,4,0,1
1481014.79,1143996.79,197,7,2,1
2689129.5,1727486.14,111,6,0,1
3471763.87,1709305.83,64,1,1,0
1223966.11,532263.08,211,5,0,1
2528430.24,1595217.31,134,3,0,0
2264422.19,1650803.03,152,6,1,0
2915290.99,1648104.02,32,6,1,1
2485486.18,3921756.01,149,7,0,0
1299748.85,922283.7,139,3,1,0
1416537.55,1143672.13,70,1,0,1
2533321.64,427876.35,184,1,0,0
3971890.37,1381655.61,32,1,2,0
923029.96,1447999.15,172,7,0,1
2920829.62,1359747.77,230,4,1,0
4270029.07,3310201.96,136,2,1,0
2333639.55,2889623.75,25,3,0,0
3202340.2,1878752.26,132,1,1,0
1821954.17,1468071.28,126,4,0,0
2369255.91,3165120.04,132,3,1,1
1205482.19,1780545.61,65,6,1,1
870520.69,1147674.98,150,0,0,1
3821088.55,700367.48,63,7,1,1
1604870.41,1412079.86,133,0,0,1
2036643.69,2726014.51,142,3,2,0
1339627.67,6295801.26,155,2,2,1
1325519.38,1862039.43,191,5,1,1
2311886.29,1181566.54,211,5,0,0
1800349.83,938057.34,186,1,2,0
2963519.79,2438448.21,191,3,1,0
3064648.93,681981.9,208,4,0,0
2888314.38,2436290.2,58,3,2,0
2783366.28,2822231.96,70,0,2,0
5084956.24,2288142.53,127,1,0,0
1546313.23,1595157.93,111,4,0,0
2438955.91,2455926.36,168,2,0,1
4162022.57,1977439.39,2,4,2,0
4416438.69,1173297.96,33,1,1,0
1318503.12,4980416.1,179,5,0,1
2172178.94,1483438.95,197,1,1,1
4606393.48,2757847.35,72,5,1,0
3142209.86,475945.85,74,6,0,0
2729610.97,3632225.88,134,2,1,1
2266717.21,4037423.43,114,1,0,1
2103453.07,1829779.1,40,0,1,0
2846212.92,2447606.81,120,2,3,1
2231607.94,2447262.41,196,0,1,1
2452555.03,1263967.65,175,7,0,1
2590005.89,2431975.6,196,7,2,0
1842564.86,1153775.84,154,7,1,1
3176401.49,1287845.1,210,7,0,0
9278508.61,3345463.98,59,4,0,0
1123722.4,3076671.7,11,2,1,1
2892428.23,1220523.83,27,3,0,0
1775718.61,1202400.14,238,2,2,0
3241777.83,1262013.59,153,6,2,0
2552929.68,2693222.48,59,3,0,0
3522339.43,1038518.35,204,3,1,0
4242992.04,2190168.8,74,5,2,0
2726122.4,2714349.72,143,2,1,0
4160828.7,1714723.2,59,2,1,0
870538.48,3137171.81,22,1,1,1
5114063.36,1522594.93,64,0,2,0
2959643.14,1600259.95,54,0,0,0
4060557.35,1051587.83,132,3,2,0
1443898.35,3149470.07,4,7,1,1
1720206.4,1180809.73,57,2,0,0
2669691.61,2181823.87,136,5,1,0
2480905.67,1730763.82,94,2,0,0
2839623.85,1008794.43,152,2,1,0
4072766.73,1287599.89,157,1,2,0
1129688.11,3851129.17,231,4,0,1
3874859.15,2011133.14,200,5,0,0
2509334.53,1033296.29,54,2,2,0
2280942.86,2129138.04,166,4,0,0
1289544.27,1661006.84,150,3,0,1
3135104.89,12031307.2,142,2,0,1
843616.05,2105609.09,191,5,1,1
3347012.1,1460009.58,35,4,1,0
1277420.88,3930639.05,90,0,0,1
2560869.35,653911.52,195,3,1,0
2369466.34,1895841.4,214,3,1,0
4231611.54,5390953.86,8,6,1,1
2306879.87,1688561.63,113,2,2,1
1829290.85,693829.58,63,7,1,0
1990367.95,1447780.63,40,4,0,0
4433050.63,4005913.27,13,1,1,1
3182364.16,2213610.61,129,3,3,0
2101722.49,1134753.91,160,7,1,0
2247660.38,1234792.72,127,2,0,0
1234987.74,1323065.66,88,5,0,1
2977559.85,2195578.36,185,6,3,0
1132438.94,3757652.92,156,5,0,1
3506432.51,3211118.51,218,0,1,0
2648968.84,2313110.98,83,2,1,0
7318599.92,865352.84,57,2,0,0
1523834.31,867121.46,109,2,3,0
2387132.35,2413493.48,121,7,0,1
5615441.41,858797.23,109,0,2,0
4273426.95,1589985.35,199,4,1,0
1827584.79,2127759.21,10,7,0,0
2765097.99,962818.81,126,7,2,0
2502250.29,1024743.54,103,4,0,0
2838202.34,1709190.86,50,7,2,0
1825555.89,2374517.65,153,3,0,1
2401507.23,3227222.91,192,4,3,1
1217947.62,2513474.49,131,4,3,0
2656730.64,1874417.21,20,0,1,1
3061178.69,1194084.22,18,0,1,0
2256809.29,998788.55,101,7,0,0
1208666.68,1359074.93,160,1,0,0
3900598.76,2255228.36,75,2,1,0
2945642.62,2166103.01,74,4,1,1
1803238.0,567134.14,206,4,0,0
2203441.66,1168433.89,3,4,0,0
1272507.67,3491270.88,19,7,2,1
1575946.71,1880156.36,37,6,1,1
1962610.8,825663.28,236,7,3,0
4345236.11,6576405.47,119,5,1,1
1874822.91,1771574.52,37,7,0,0
3334713.87,2223695.26,74,4,0,0
1962164.97,2242351.92,232,4,0,0
2795097.9,1470509.82,166,6,0,0
2345885.06,1206376.38,53,6,1,1
3703084.8,5781758.68,57,0,2,1
1965262.12,3125361.3,17,7,1,1
1232017.44,2828798.68,185,5,0,1
1342339.07,2471303.44,32,7,0,0
1967858.43,1036616.56,68,5,1,0
1425059.75,3634342.7,83,7,3,1
3006829.31,1132087.99,149,2,2,1
2027280.13,2103482.71,145,1,2,0
7278055.17,730608.32,191,1,0,0
1143757.81,585853.39,71,2,0,1
2739911.61,2144372.19,92,1,1,1
1504878.06,1153478.39,93,3,1,0
2002227.14,602748.35,11,1,3,0
2664268.39,2423279.75,177,1,0,0
877984.46,5776691.36,128,4,1,1
2781144.36,3865321.29,114,6,2,1
5886132.08,1562460.51,238,1,1,0
2038559.64,1808778.19,42,4,1,1
2810055.59,2932997.99,232,5,1,1
3964998.57,3336615.85,163,5,1,1
2322192.21,1490098.19,53,0,1,0
1924870.41,1834155.96,162,5,0,0
897815.53,2123625.58,181,0,1,1
3335880.14,2441026.48,86,1,0,0
2375873.0,1672960.18,82,2,0,1
1584997.77,1684956.56,200,6,0,0
2646556.21,3844695.65,38,1,3,1
1922515.67,3500910.41,3,6,2,1
1970917.11,2340495.08,159,7,0,1
3284195.6,4633426.47,217,7,2,1
1368915.26,1455342.83,120,2,1,1
4005156.32,4394800.17,32,0,0,0
1332866.6,2425821.33,129,1,1,1
1855353.23,10879181.75,60,6,2,1
5939449.9,934187.24,198,1,2,0
4152042.47,1232009.75,146,5,1,0
2612251.59,2266247.71,80,2,0,0
1637305.88,2239528.59,149,6,0,1
1970166.77,5261220.88,160,4,0,1
2583808.89,1246301.78,162,4,0,0
2542572.05,2960895.78,87,6,1,1
2399832.19,3411463.29,136,7,1,1
2465552.94,2652076.64,10,2,1,1
2270095.57,1061028.45,96,4,2,0
1306563.36,3904204.34,90,5,1,1
1981513.4,3539251.9,128,6,2,1
3773004.21,2503170.56,228,3,0,0
1350588.33,2014110.97,228,2,0,0
2295591.98,2038361.03,115,6,2,1
1728754.94,1723715.23,155,7,0,1
2628460.79,2560540.81,25,4,0,1
2098884.05,1831088.93,115,0,1,1
4860386.11,1128735.44,165,2,0,1
3140095.3,1011122.66,163,3,1,0
1385386.7,1190253.99,231,5,1,1
3381580.95,2033908.68,111,5,1,0
1764200.12,1773510.57,217,6,0,0
1928306.9,2026328.94,234,0,0,1
2879190.82,2370815.26,137,3,3,0
2003717.88,1274762.84,21,5,0,0
3736225.4,4030537.56,90,7,0,0
1764312.69,1553554.78,183,1,2,0
1892246.57,1418218.95,139,7,1,1
1860646.17,2346908.89,224,0,1,1
1938187.57,655541.32,195,1,0,0
4099753.84,1165316.49,15,6,2,1
3317624.66,3087546.32,206,6,0,0
5396580.49,692258.81,85,7,1,0
6936037.34,3328269.41,196,4,1,0
1572187.67,4132620.78,121,4,0,1
2580490.09,1469006.36,109,4,0,1
1472557.36,2113369.7,17,4,0,1
1761856.47,3331039.98,28,4,1,1
1882787.9,1392433.05,142,2,1,0
1553594.13,2901022.33,136,6,1,1
1557281.17,1244401.67,133,2,0,1
2342837.41,1384176.54,37,4,2,0
1445951.3,1159688.7,122,5,0,1
3651901.03,2173291.03,14,4,1,0
1654173.75,3403041.68,34,4,0,1
8851587.03,1626653.04,119,0,0,0
2040444.61,894580.51,148,2,0,0
2582346.99,992327.5,157,3,1,0
1395687.6,2236285.76,235,3,1,1
5387233.69,4963199.99,204,7,0,0
4137393.66,2235210.52,91,7,1,1
2857373.58,1454982.05,187,5,0,1
1363738.17,2743372.07,22,2,1,1
2748597.62,1577848.82,205,0,0,0
1509301.2,1461889.53,92,6,0,0
4827605.56,1062510.13,182,7,1,0
3598180.72,3905686.35,232,3,2,0
2609707.9,445402.15,168,6,0,0
835204.8,2791584.14,220,7,1,1
1606011.12,1394766.4,2,4,2,0
3406833.41,1436341.51,40,1,1,0
4314961.46,4565645.93,150,0,1,0
4118204.0,1215328.69,129,6,1,0
1221262.16,1238311.34,28,4,1,0
2863341.42,1675429.97,172,1,1,0
3948250.54,2260085.69,14,0,1,0
1185351.94,1411659.53,237,7,0,0
2491123.22,757421.22,37,2,1,0
2827858.78,1118124.43,106,2,0,0
2183538.37,3641953.76,197,5,1,0
1086343.96,1875572.41,123,2,0,1
2159175.82,2306853.95,178,7,0,1
2157614.66,1558938.28,168,5,2,0
2338847.18,1252401.53,227,2,0,0
1940078.8,4528767.66,111,2,1,1
2048146.55,1623007.88,234,6,2,0
2455727.14,1410484.46,124,4,1,0
3050773.92,3289267.73,214,7,1,1
2179942.91,1209840.42,175,2,4,0
2079128.29,1297820.9,31,0,1,1
2606087.49,1810172.86,154,7,0,0
1053247.83,1800267.42,210,1,0,1
3098619.03,2076269.77,30,6,0,1
2499366.6,5687123.95,201,5,0,1
2545056.42,2165655.75,25,1,1,0
3852110.46,486682.65,209,6,2,0
1038236.65,2153837.39,189,0,1,0
1028463.04,1837894.57,36,3,0,1
2827809.72,1843533.63,174,2,0,0
2492006.34,2060724.63,28,5,0,1
2698970.37,1771831.23,136,4,0,1
2030604.53,1748660.41,221,4,1,0
3371136.36,2521769.86,49,3,0,0
3803714.96,1335949.44,41,5,1,0
3108321.17,1068824.22,101,1,3,0
2223134.03,9495960.18,88,5,1,1
968342.44,1214175.29,11,0,2,0
3534058.85,1901922.6,109,0,2,1
4332170.26,790708.05,62,5,1,0
3341240.07,1919076.91,29,1,1,1
1682787.49,1077358.93,66,6,0,1
3385488.5,1411180.44,4,1,0,0
3682268.86,3198149.08,219,1,3,1
5041774.2,2333552.83,238,7,0,0
1685464.62,2460616.44,88,1,2,1
2257789.35,679514.98,210,7,0,0
3499300.72,4943526.82,110,2,0,1
2565427.84,934495.88,218,6,2,0
1512090.77,4172415.45,41,7,3,1
3012794.52,3157042.88,68,0,1,1
3243615.06,2472722.26,177,2,3,0
2600942.91,1124732.28,52,4,0,1
2759650.25,1956507.66,197,6,0,0
2225258.47,1389272.03,102,1,1,0
4862322.74,1828979.99,96,1,4,1
1666922.73,1568872.05,108,2,2,1
1919368.81,586578.3,191,1,0,1
2512389.3,3335984.87,1,2,2,1
3712925.25,1721468.54,180,1,0,0
1274396.59,1378707.47,187,6,2,1
1386326.16,1322609.51,197,6,0,0
999313.14,2192274.15,239,1,2,0
2537054.05,1101002.01,187,4,0,0
1511425.3,520711.1,126,5,1,1
2102744.05,2251750.82,111,5,1,1
3366625.53,2394784.66,93,7,1,0
1873103.18,1612828.0,198,5,0,1
2774214.49,957375.19,94,5,0,1
2184940.67,1890235.1,137,0,0,0
3382929.92,804361.78,23,0,0,0
3095961.01,1023071.97,76,4,1,0
1831106.76,1191130.43,63,7,0,0
2317287.78,2863238.0,104,3,1,0
3998723.8,1474546.73,120,5,2,0
2984136.2,1407000.51,171,1,1,0
1333300.98,5274413.82,103,3,2,1
3357910.35,2185055.08,36,6,1,1
1534517.43,2168929.32,130,5,2,1
4720532.51,1468808.1,13,0,3,0
3963530.66,1296647.71,203,7,2,0
2848348.05,540783.17,184,7,2,0
2683294.99,3066675.14,54,3,1,0
2275560.09,2303332.54,63,2,2,0
3392701.51,1631084.89,6,4,0,1
2115816.0,1669145.77,87,6,0,1
2779572.6,2698418.9,9,3,1,1
3701215.19,765440.44,224,0,3,0
1941532.84,1301284.6,32,0,1,1
1894592.92,963502.78,158,6,1,0
1460569.26,4768905.25,136,6,1,1
1548486.49,2913622.66,56,6,0,1
1098024.7,535960.78,193,1,3,0
3471940.6,782875.01,26,1,1,0
5642359.2,1673632.72,212,3,3,0
4747835.15,1388112.0,177,1,1,0
1202680.38,868816.32,152,3,2,0
3464177.86,5245685.32,211,4,0,0
4740954.99,2137599.81,96,2,0,1
2035468.96,2337157.96,67,0,0,0
2616773.51,1230202.07,37,3,0,0
1012820.34,2677912.16,221,5,0,1
2818830.29,1460163.84,96,4,1,1
1549122.83,1540254.9,199,2,0,0
2734986.47,2518938.9,79,2,1,1
1238312.32,734796.27,229,4,0,1
3191774.18,4332531.39,208,1,1,1
3964268.85,1989932.53,73,6,0,1
1757442.79,3641173.35,116,6,1,1
1498816.16,996312.61,190,0,0,0
947508.25,1083336.73,54,7,0,0
2217553.68,950033.1,5,0,0,1
1924321.54,2065661.23,69,3,1,0
1244000.0,1866523.26,141,5,0,0
3065311.43,1394254.92,32,2,0,1
2041743.42,1030504.62,80,1,1,0
1540657.93,896872.75,220,0,1,0
1947863.54,1752635.26,18,5,1,0
4048626.85,1393354.2,12,0,0,0
3279242.19,1234545.42,101,3,1,0
2357917.95,4215152.97,3,3,2,1
3303187.76,1720315.22,6,7,0,1
1482723.13,3619407.28,43,7,1,1
2536682.89,1342452.23,24,6,2,0
2671354.86,2059397.82,194,5,2,0
2023572.07,1745908.16,29,4,0,1
3041184.21,707579.28,125,2,1,0
1759616.13,3948645.99,169,1,0,1
3144673.44,1671050.02,150,7,1,0
3204727.87,2713709.95,156,3,1,1
672716.55,1190258.93,85,3,0,1
4271343.0,1643983.49,213,1,1,1
634356.66,1117414.87,16,2,1,1
1894715.45,3552266.43,25,5,1,1
3965759.34,2136271.04,205,3,1,1
2167364.05,2202660.85,16,4,0,0
1292407.86,3799190.23,46,1,0,1
1528228.24,3399996.42,41,0,0,1
3968540.19,2742102.77,7,7,1,0
1052968.89,823523.35,28,3,0,1
4155100.96,1227725.35,137,2,1,0
2438772.37,1036291.2,158,2,0,1
1461864.73,2685669.91,19,5,0,1
1923004.77,1977127.89,226,4,0,1
1581762.57,837783.83,22,3,2,0
3691718.52,1622514.89,164,7,1,0
3476003.61,791381.51,192,7,1,0
1153347.08,1748136.91,124,1,0,1
2084802.82,724214.1,117,5,0,0
1695295.71,2407627.41,26,7,0,1
4474390.84,2215916.55,57,3,1,0
1361716.63,5140541.05,204,0,0,1
5145866.8,2869440.24,83,1,0,0
2462822.62,1426442.84,8,5,5,1
1482041.08,2822788.47,175,7,0,1
1843226.1,834495.05,164,1,0,0
1742920.67,1060167.31,15,4,0,1
1408763.62,2161959.65,12,3,1,1
2608989.08,549223.04,27,2,0,1
1438683.9,1763584.23,12,5,1,1
937185.48,1026999.92,147,7,0,1
2107360.72,1903140.75,31,1,0,1
1110716.66,995043.99,145,0,1,1
1782146.15,2273051.36,42,2,0,1
1660625.66,1819236.21,233,2,0,0
1689180.5,3888361.73,174,5,1,0
6151673.31,1806679.55,89,4,0,0
2564275.38,1179432.18,102,0,2,0
2791859.01,1571451.08,15,2,0,0
1124019.95,859380.62,13,5,0,1
1862663.26,2250521.92,129,3,1,1
2754337.43,2489804.77,5,4,3,0
1576571.77,6999540.37,153,2,3,1
3761880.67,1278614.24,91,2,3,0
1455103.84,1553483.22,33,1,1,1
2197732.11,1311431.75,128,0,2,0
1920465.29,2022732.26,132,0,0,1
2691867.06,2220464.61,179,4,0,0
1873990.66,1747926.98,47,1,2,0
2213087.5,3271556.68,131,4,0,1
2247980.35,1282034.08,202,7,2,0
1796456.73,3096221.17,64,5,0,0
3109876.37,2420466.97,200,4,0,0
2783100.24,1788129.69,173,0,0,1
2402270.8,1513721.99,103,3,1,0
2059749.72,6837717.19,211,7,1,1
3577755.13,1148471.48,232,3,0,0
2248279.65,2120495.76,56,6,0,0
2177716.72,1191444.19,235,5,0,0
2620594.62,4806062.19,0,2,0,1
5364240.17,2931578.88,31,1,1,0
1367699.92,1239482.84,10,0,1,1
3535046.08,2386228.08,88,2,0,0
1066480.22,2074083.38,224,2,0,1
2756780.89,1354785.37,144,5,1,1
5078815.19,2731298.08,147,4,1,0
3114882.93,2229783.8,20,3,2,0
2699514.7,2026724.53,123,5,0,0
1942718.87,1758974.24,91,6,0,1
2535173.24,2281576.46,115,5,0,0
2231920.59,2042041.17,62,7,1,0
1755232.38,1859463.49,48,2,1,1
2194264.05,1265197.09,228,6,0,1
2733443.73,4569291.21,134,3,1,1
1770112.41,1010106.42,98,1,1,0
1739267.27,2277291.02,17,1,0,0
1355514.63,1509312.51,183,0,0,1
2980577.26,4737633.09,113,7,2,0
3195316.68,1095128.02,92,1,0,0
2774686.95,1201285.06,160,6,1,0
3859808.05,1055892.87,31,6,2,0
2600831.41,2150482.95,127,3,0,0
2982302.5,845868.64,207,7,2,0
2866287.31,1383471.6,111,7,1,1
2399109.73,551003.27,0,7,1,0
1968793.48,2054471.03,55,3,1,0
6771071.93,1367068.26,13,2,0,0
2039924.49,794021.66,120,0,1,0
1852703.2,3270267.67,87,6,1,1
3039202.52,876840.54,31,6,1,1
2800016.24,2790178.84,164,4,0,0
1328611.66,1224110.2,42,0,1,0
4143313.98,4343371.64,82,6,0,1
2396245.59,2718389.1,237,2,0,0
1516449.49,1033923.03,15,4,1,0
4268419.35,1086967.01,59,5,2,0
3312968.91,2511362.73,76,1,0,1
1415166.0,1558118.02,122,0,0,0
5562362.96,1639921.35,58,0,0,0
3362717.91,3623781.3,232,7,1,1
2488555.64,1192447.34,1,7,0,1
5113526.04,1892688.38,227,3,0,0
2685789.52,3042963.73,128,3,0,0
2468605.33,2808923.41,9,3,0,1
1857359.17,1648720.77,27,2,1,1
3248272.87,1535549.7,24,4,0,0
3098016.5,691728.43,68,2,0,0
2516569.83,1006875.45,79,4,0,0
1752068.12,2144452.42,153,3,0,0
2650528.8,1668544.12,74,5,0,1
2422696.75,1875727.45,174,7,0,1
1371942.05,3187943.86,70,1,0,1
1289139.8,936841.62,63,0,1,0
3223957.86,1580731.16,66,4,0,1
775258.3,1996863.49,79,0,1,1
2742103.89,1222012.02,201,1,2,0
2016076.62,3955468.6,59,6,0,1
4504161.31,2966875.58,65,3,1,0
2002166.89,2111418.5,229,4,0,0
3363757.42,4828878.0,156,6,1,1
2091077.54,789302.42,45,1,3,0
2631298.37,1792367.21,208,3,1,0
3482906.59,2201792.93,43,0,4,1
2030212.89,1088479.09,38,3,0,0
3914706.78,2123742.08,106,1,1,0
1598597.51,979381.82,165,7,0,0
2854388.15,2631603.06,45,2,0,1
3786638.2,3220690.53,180,1,1,0
3364595.01,2090848.65,37,0,0,0
5922098.88,649695.08,187,1,0,0
1773124.14,1057650.81,23,1,0,0
1344031.35,2455614.82,111,1,0,1
1598139.17,1821109.48,153,5,0,1
3365208.38,409051.27,63,7,1,0
3127881.86,3565639.34,146,6,0,0
2617726.59,1940504.02,165,7,0,0
1508265.11,1147167.2,156,7,1,0
3530293.51,3111211.63,95,3,0,0
1440764.08,1240035.07,185,3,0,0
4211496.48,1232615.09,175,5,1,0
9044329.82,2192145.23,78,2,4,0
2948196.85,4793964.92,176,4,0,0
3250111.79,4396283.89,220,7,0,1
2002715.15,2193784.18,196,1,0,1
1107045.48,2321233.62,175,6,0,1
1906114.77,2781835.82,183,7,1,1
1528807.28,901627.01,193,4,0,0
1303611.74,2565281.58,69,2,1,1
5426816.63,1202071.43,173,2,0,0
2826612.12,2144592.59,47,1,0,1
2965809.88,1588324.15,86,2,1,0
2175439.4,2371330.63,224,5,1,1
2312892.13,1920803.47,67,4,0,0
3858731.64,332079.8,202,1,1,0
2463884.15,1986108.32,101,4,0,0
3174350.37,2562467.83,50,6,0,1
2288939.93,2300317.73,23,0,0,0
2143246.92,1701251.9,131,0,1,0
1327343.21,4441426.44,108,7,2,1
1026652.65,2136228.49,122,5,0,1
2222400.41,2289897.32,10,4,1,0
2564373.61,3197141.75,64,7,1,1
1401484.76,2197263.7,0,4,2,1
2461515.07,1098424.52,72,4,2,0
2561208.93,470810.82,223,1,0,0
947514.66,1384543.07,36,6,0,1
1656131.79,2735479.4,165,6,0,1
3002842.93,1482283.32,1,2,1,0
2975663.86,2796684.95,134,5,0,1
1487559.74,1953430.7,221,5,1,0
2684762.73,3655463.89,81,0,1,0
3960514.67,1530229.12,47,1,1,0
3546543.84,2327919.2,136,4,1,1
2395069.21,2377438.03,66,4,0,1
2025266.69,4111005.7,213,5,0,1
1883413.3,704079.61,203,2,0,0
3085795.96,1398866.29,156,6,1,0
2729415.6,2870454.91,153,3,0,0
3318532.06,4212388.09,144,1,0,1
2652848.45,2054075.76,176,0,1,0
3613708.42,1532345.2,110,7,0,0
2608713.98,2729727.45,232,5,3,1
3558719.02,2902502.04,82,3,0,1
3699364.24,1476940.53,2,1,2,0
1740641.54,2158590.98,167,0,0,0
1108076.81,3445526.28,158,1,0,1
5007128.1,5091330.09,235,0,1,1
2806076.27,2708024.47,94,4,1,0
1155776.11,1844232.23,101,1,1,1
1813161.41,1747253.83,134,1,0,0
3538256.75,2445757.21,94,2,0,0
2204357.66,1689050.61,188,5,2,0
1985484.75,1997884.64,102,3,2,0
4695889.58,1005972.48,188,1,3,0
1560508.17,3673585.36,102,5,1,1
1745640.82,961447.87,54,3,0,0
2749487.82,1419245.22,237,1,2,0
2980215.02,1899257.38,126,5,0,0
3125658.86,5380759.04,169,7,1,1
3767259.64,1426624.3,141,4,0,0
2733686.63,1247919.75,86,1,2,0
3115885.88,1329545.77,233,2,1,0
2224754.48,4482496.33,89,4,0,1
2571540.07,383274.37,238,7,2,1
2623950.78,1036946.94,103,7,0,0
2754083.98,8084878.42,5,7,0,1
3539316.56,2491218.14,8,6,0,1
3209471.52,979703.74,233,4,0,0
2550242.32,1758975.92,126,5,0,0
1737042.65,1868034.25,93,5,1,0
2577301.18,2866682.82,194,5,1,0
2468677.86,4950619.73,148,5,2,1
2727055.46,2228859.66,158,1,0,0
6747871.49,1337634.96,164,7,1,0
1975048.55,2775089.8,47,0,0,1
3023214.87,1225988.77,21,3,0,0
4043451.51,1019641.45,174,3,1,0
2612719.4,683749.8,5,7,1,0
7158647.28,761066.95,172,0,1,0
2108913.85,1099374.99,31,3,2,0
2892528.06,941766.69,63,2,0,0
1745128.42,2138418.97,169,0,2,0
2134227.17,930638.53,149,1,0,0
2796338.8,319425.95,187,3,0,1
3658771.96,1013728.57,146,7,0,0
2886034.48,1388555.31,11,3,0,0
4405670.29,1290189.94,201,7,0,1
2395414.64,4151730.51,51,5,0,1
2152898.11,1284459.82,32,6,3,0
8440858.57,2922076.72,210,6,1,0
2985292.33,1781304.99,46,5,1,0
1808547.5,1758601.81,128,5,2,1
1829187.79,1136925.29,116,1,0,0
1635722.77,1742735.85,184,5,1,0
3810448.66,1181735.12,10,0,0,0
2121919.17,1976445.52,25,5,0,1
2647468.36,1580670.88,99,5,0,0
2429564.03,1070623.62,113,6,1,0
3474540.76,3105977.72,189,5,0,0
1707885.22,2276294.56,145,2,2,1
1540771.4,1406848.59,35,2,1,1
2765508.49,1949958.01,234,4,1,1
3276325.14,1718899.53,110,3,1,0
2903538.81,1116961.05,231,2,1,0
1736786.48,1871161.93,237,3,1,1
3391115.46,1279194.01,12,4,0,1
1788814.87,1070443.51,121,1,2,1
1977035.19,737318.47,101,5,0,1
1634785.57,1477797.23,119,2,0,1
4489817.2,2458669.94,74,2,1,0
3324537.03,1228414.14,134,3,0,0
3282278.19,7200687.05,118,0,1,1
4382134.22,2929740.27,44,4,0,0
8863864.95,3688309.55,69,5,1,0
1158514.97,2787570.2,35,7,2,1
1793235.03,4987139.01,202,2,2,1
1894607.98,1167582.74,162,4,1,0
1704755.85,440159.16,93,4,0,1
1539377.74,1408348.27,94,5,1,0
2184630.82,2446863.21,18,4,0,0
1446025.94,1956429.25,69,6,1,0
2906820.28,2094461.75,221,6,3,1
2558842.42,3722096.8,7,0,0,1
3104192.54,2220912.91,35,2,1,0
3141714.08,2793202.47,203,5,1,0
3279345.36,1073610.38,124,4,0,0
2113312.69,985427.36,7,3,0,0
6493523.29,4373437.54,117,1,1,1
2778148.6,1902716.32,179,4,2,0
1081309.27,1277634.87,82,5,1,0
1592367.09,1278924.76,91,0,0,0
1142323.55,1259568.18,151,4,2,1
2519577.72,1218790.78,143,7,2,0
2366656.93,888745.26,216,4,0,0
2024857.18,788640.61,59,7,0,1
6179315.36,1616938.03,66,2,0,0
3200583.14,1299107.43,37,0,1,1
3466117.16,3309258.92,159,5,0,1
1644288.33,2114839.29,128,1,3,1
1594683.89,2082796.35,83,0,2,1
2541750.98,1196105.0,166,1,0,1
2702409.94,1684082.72,90,7,0,0
1084317.25,2195340.75,46,6,1,1
2305165.72,2668974.51,129,2,1,0
2515881.32,1709406.37,104,4,0,1
2269304.98,3258623.1,97,2,0,1
1733712.47,1807926.82,106,1,3,0
1961088.94,2783899.33,219,7,0,1
2308745.02,1374882.06,51,6,0,0
2604265.67,664223.27,66,2,0,0
3281980.15,2086283.2,135,2,0,0
4066066.31,2682408.0,11,6,2,1
2189852.65,2470023.58,35,3,0,1
2036067.89,2270475.61,135,3,0,1
3044192.83,1485964.17,122,3,1,0
3290932.45,1154972.14,156,3,0,0
2056284.14,2438144.29,27,4,1,0
3567866.49,2275802.51,204,0,0,0
3884926.77,1322193.59,116,3,1,0
4470720.77,3313383.82,37,3,0,1
5565212.34,1107616.75,74,2,1,1
1692833.02,1305843.0,54,2,0,0
2515684.48,4427435.54,108,3,0,0
2512719.66,2902309.3,112,2,0,1
2392066.47,1478283.4,104,7,1,1
1866607.14,2108224.35,110,4,2,1
1281188.07,1959956.74,217,4,0,0
2606469.13,397603.12,230,2,0,0
1769205.69,1093327.71,117,7,0,0
2598638.87,1750359.2,231,0,0,0
1748872.23,1479420.35,196,4,1,1
1524161.58,2062034.41,196,1,1,1
2777982.64,3350139.33,54,6,1,0
2675684.99,1508237.85,105,3,0,0
3244520.65,1006095.03,84,2,1,0
6685422.61,2152123.6,23,0,2,0
2832248.79,1504023.47,18,6,0,1
3109859.43,1651942.29,149,3,0,1
1539392.92,1533129.57,100,2,1,1
1400994.56,6176782.19,198,6,4,1
5096550.73,524872.09,160,0,0,0
1649916.75,1453832.27,20,3,0,0
1562857.54,1796351.57,201,1,1,0
2456398.41,1171351.6,119,1,0,0
2400565.05,2952613.98,135,0,1,0
1665562.33,2815326.92,231,1,0,0
2179406.92,1753338.39,153,7,1,1
4347103.69,1551025.15,5,3,1,1
1739492.85,1692506.23,42,7,1,1
1335276.14,1699193.97,102,2,1,0
3820792.5,1724059.18,8,6,1,1
3119972.98,1623179.95,40,0,2,0
1890908.41,2068107.19,190,0,0,0
1226685.2,2723869.01,34,0,0,1
1788201.24,914976.94,40,7,2,0
2439208.83,1009970.9,121,5,1,0
4224256.09,688046.92,21,5,1,0
1568043.78,2898824.28,61,7,1,1
2406700.65,2065690.34,225,2,1,1
3387546.21,2376630.67,151,5,0,0
856175.78,820011.13,231,4,0,0
3980846.59,4804284.54,85,4,2,1
1468421.44,1287778.53,147,5,0,0
2902837.49,1974469.71,57,3,1,0
2793507.99,2879734.86,90,0,3,0
4072897.28,1045973.26,41,0,0,0
3203380.64,1332835.02,199,4,1,0
857709.35,1986414.27,44,4,0,1
1756178.38,8665909.29,49,5,1,1
2660417.43,2124221.27,111,4,0,0
2289995.34,4354828.8,103,1,0,0
3099421.75,3493509.77,75,2,2,0
3566218.11,2203819.93,85,3,2,0
3287390.25,1044699.19,70,7,1,0
2270197.9,3224091.32,219,4,1,1
1089195.2,789643.25,139,5,0,1
2036686.39,4341708.71,220,5,1,1
3015170.56,2009306.39,236,2,1,0
1530492.33,419020.14,156,7,1,1
3321326.86,1492583.2,198,5,0,0
3762440.12,2579145.05,26,6,0,0
2646878.1,1579997.93,227,5,2,1
629763.95,2667228.35,115,4,1,1
1406565.57,1127805.12,171,0,1,0
5842015.48,877653.3,58,4,1,0
1954918.93,1730640.71,22,1,0,1
1023702.83,1831522.85,212,4,0,1
4358605.02,1486129.77,107,5,0,1
2515070.28,3535295.17,33,4,1,1
4110373.71,1127691.48,158,2,1,0
2831827.14,2138335.56,13,0,1,0
3072963.31,1868563.86,108,5,1,0
2943634.06,764596.44,169,5,4,1
3421778.59,871377.54,172,3,1,0
6966649.69,1811830.62,108,5,0,1
3869957.72,5351873.38,88,6,1,1
1227694.52,2475358.07,201,4,0,1
3056554.84,696761.23,44,0,1,0
4178519.84,325308.35,17,6,0,0
4295234.25,2693835.84,37,3,0,0
2063324.44,1707225.01,192,5,2,1
4222873.13,3371922.13,112,7,1,1
3795343.09,1108925.81,8,2,1,1
7955977.86,2182352.75,40,4,1,0
1783878.54,2866758.85,6,0,0,1
1989653.44,1407312.23,195,7,1,1
2178283.45,1423956.98,110,0,1,0
2005093.64,1825184.76,16,4,0,0
1674946.78,2426036.01,53,2,1,1
721146.3,1785865.13,147,0,1,1
2055822.41,3075552.78,142,3,0,1
2952055.95,1396155.39,196,7,0,0
2002388.87,866900.82,6,1,0,0
5972778.71,5339452.49,16,2,1,0
2515093.17,1290768.93,8,1,1,1
4469398.37,1316719.64,94,0,0,0
2812095.45,1736019.48,174,1,0,0
3626159.22,1867753.32,159,4,0,1
2834737.76,1455152.44,50,6,0,0
4628550.8,1782822.93,157,5,1,0
2563730.54,1761062.71,157,6,1,1
3125346.17,1981664.79,45,5,1,1
2948040.03,492219.05,179,3,0,0
2195834.76,5064566.94,101,7,1,1
2999761.47,1659934.41,14,1,1,0
6833004.97,2477200.53,93,5,1,0
2213582.2,843522.19,184,0,1,0
3019375.23,1389211.78,167,6,2,0
4403022.6,1243603.16,64,0,0,0
4176212.39,4039555.8,181,1,0,1
2513215.78,1304199.16,93,3,0,1
855358.86,2731171.55,110,5,1,1
3154427.43,1258669.76,20,0,2,0
920836.59,1403327.56,239,2,1,0
4844104.92,1572605.93,201,2,1,1
2698116.6,3646987.5,46,5,2,0
3920205.36,636588.2,134,7,3,0
1665858.69,872992.52,187,4,1,0
1243167.26,616787.22,121,4,0,0
2811252.76,989713.77,50,2,1,0
2462480.52,1151892.95,232,6,0,1
2003904.16,740686.35,64,0,2,1
2597081.48,1202022.32,80,1,0,0
8685342.92,594338.47,89,1,1,0
3639430.55,1028285.52,213,2,0,1
4009093.29,3483431.55,120,3,0,0
3654876.61,2247368.79,172,7,0,1
4864912.34,1995498.48,216,5,0,0
2295058.83,1036923.81,222,3,1,0
991682.92,773321.76,205,1,0,0
2296593.58,961991.97,217,5,2,1
3602297.37,1757726.58,227,2,1,0
1615881.38,2901662.63,237,7,3,1
2309257.52,2956744.24,154,3,1,1
1831241.86,2546254.52,31,4,1,1
4914568.19,1199770.62,27,7,0,0
3502743.05,1824469.16,191,2,0,1
3351754.74,1508398.17,75,3,0,1
3306900.42,1611446.62,193,4,0,0
2458443.85,5519056.98,224,2,0,1
2732429.28,682963.77,154,0,1,0
1466615.95,1582038.83,183,2,0,1
934626.63,3505203.45,66,0,0,1
2674673.3,803760.73,104,5,1,0
2892399.25,1263297.77,231,0,3,0
4307939.81,1345567.01,196,2,1,1
5070258.74,1591978.08,49,7,1,0
5067208.38,748271.22,224,4,1,0
1595488.75,2497259.67,119,5,0,1
2133516.31,2596708.47,202,5,0,1
3103222.74,2380696.5,125,2,1,1
7811897.07,1115252.84,144,5,0,0
4866307.2,1887715.94,38,1,1,0
4137200.93,1097565.49,81,5,1,0
2099682.52,1499090.37,173,5,0,1
1680095.94,5883748.3,202,7,1,1
3565482.11,1897275.9,21,7,3,0
1523473.86,936736.78,18,0,0,0
2245648.57,1987685.91,166,2,1,0
2374152.79,855814.96,107,4,1,0
5119727.28,930838.91,203,2,1,0
2131182.41,1015284.57,16,4,2,0
834125.34,1409755.76,83,6,0,1
3137074.96,3013552.49,8,2,0,0
1825275.43,2474171.7,170,7,0,1
2548422.89,2399916.86,205,7,0,1
2404335.62,983515.53,37,7,1,1
2210290.45,1336512.71,77,0,0,1
3567781.57,2090466.56,203,2,1,1
1254204.54,1274062.58,9,0,0,0
1981064.51,1544476.66,228,0,1,1
3401130.22,2294543.58,212,0,1,1
1896390.96,1485812.4,36,3,3,1
1212067.66,2038306.75,33,0,0,1
3377516.37,4322298.48,166,2,3,1
4144090.38,1637653.34,2,7,1,1
2449889.42,3443272.96,121,7,2,1
1034491.72,2448413.35,15,7,1,1
3434863.26,803163.94,127,0,0,0
1184524.21,981779.34,84,5,0,0
2872694.41,1138041.64,169,5,2,0
1676875.11,1124824.99,211,1,2,0
1483439.02,1712796.31,117,7,2,0
2049162.6,2523989.77,154,3,2,0
2302065.66,3589898.02,144,7,1,1
1870857.76,2132474.33,236,0,1,0
3258305.28,1408693.82,55,5,0,1
2045330.75,572669.79,57,1,0,0
3885985.52,1871258.0,90,7,1,0
2837202.85,1825694.15,176,4,0,1
1826478.85,1990523.12,207,0,1,0
1693195.86,5732884.62,66,1,1,1
1191147.82,3561261.25,26,2,0,1
2849434.81,2772003.02,146,0,3,0
2131287.67,1060397.93,143,0,0,0
859678.11,1357492.91,89,7,1,1
1964463.22,1708510.83,44,7,1,1
1666666.32,1175052.41,203,4,1,0
5080174.69,2370360.74,203,7,0,0
1161881.13,2190405.16,179,5,0,1
1306932.61,989275.3,138,0,1,0
4119686.51,3476534.12,62,5,1,0
4603579.5,1904191.19,96,0,1,0
1787911.91,695445.62,16,6,1,1
1881091.35,1749881.54,59,2,0,0
3298925.01,2101077.31,108,1,0,0
877301.84,3073516.86,104,2,0,1
1081937.67,1495072.41,19,5,1,1
2203309.84,2838150.8,229,6,2,1
5021564.24,1995141.07,64,4,1,0
2054869.19,873284.95,122,1,0,0
2616172.28,826500.25,111,7,0,1
4164082.26,3337408.45,112,6,0,0
6451991.62,3474942.61,202,3,0,0
1928435.24,2149825.64,179,4,3,0
2481130.26,4097698.04,208,7,1,1
5675823.04,3218521.47,90,3,0,1
1260238.59,2621593.83,63,0,1,0
3969746.4,1090422.62,102,1,0,0
1580986.06,4664928.36,134,4,2,1
2617980.7,2417544.73,80,7,0,1
2241425.75,1455828.77,110,5,0,0
1624476.34,1246373.53,36,4,1,0
1606238.11,2073043.35,140,2,0,1
2831133.6,717992.73,171,3,0,0
3912918.17,2644830.46,126,0,2,1
2358225.53,1065370.6,209,2,1,0
2580134.82,2206971.3,238,4,1,0
3232704.4,1351068.12,217,7,0,1
1614559.69,1556370.29,22,7,0,0
3487385.66,1187067.8,211,6,3,1
3614650.34,1647255.35,80,0,0,0
8068136.72,5088308.29,108,6,1,1
2110751.08,3855765.11,98,1,0,1
2034304.36,2187479.77,68,4,1,0
3533628.95,1775132.06,210,7,1,0
3614261.72,2863650.82,153,7,0,1
1965018.21,3351038.78,232,5,1,1
2085205.74,1140408.53,229,2,2,0
3189294.11,1724945.21,100,4,0,0
1722674.15,660809.05,174,5,1,1
2078300.39,3338403.92,120,4,1,1
2602851.25,5604388.81,118,3,1,1
3913621.42,1881053.72,177,3,2,0
1904503.52,559356.14,165,4,0,0
1091134.22,2516015.37,218,0,1,1
1055296.61,1094762.7,185,7,0,1
1418435.99,1249751.18,149,0,1,1
1384536.27,2540608.65,220,7,1,1
2331975.8,2070502.71,24,0,0,0
1464178.98,1376201.05,183,4,0,1
1822211.73,1259233.96,94,3,2,0
1764649.49,1928989.89,103,4,1,1
2050455.97,1437033.06,187,3,1,0
4533152.81,977952.91,65,7,2,0
3367488.27,1499117.97,212,0,0,0
2518211.6,2169642.93,119,7,0,0
2031610.66,1632038.36,83,5,0,0
2057179.84,827254.36,78,6,1,0
2897292.39,3101147.51,101,1,2,0
3251663.84,399093.47,226,0,0,0
1661736.03,1408162.73,24,3,0,1
2541379.57,1279766.34,121,2,2,1
1002064.05,1952840.63,200,6,1,1
2749892.82,2451501.41,113,7,0,0
3522806.21,3345135.86,135,3,2,1
2203969.05,1216483.09,83,6,3,1
5661720.83,2485333.74,32,0,0,0
1681579.33,2004684.67,153,5,0,1
2756988.38,702183.87,220,0,1,0
2460020.29,5119638.37,124,5,0,1
2389673.59,815837.85,103,3,0,0
2374639.78,2267119.69,30,3,0,1
2623444.1,2230586.68,226,2,1,0
3661497.32,2094650.88,208,3,0,0
4647233.23,1371313.97,216,6,0,0
2497469.76,2837080.76,86,6,2,0
3608105.94,763062.42,150,2,0,0
1823022.08,1735995.17,103,2,0,1
3528845.22,1320031.49,56,4,1,0
1774279.71,1240200.17,49,5,2,1
4084044.12,2278683.69,92,1,0,0
6760380.17,3255675.77,132,5,0,1
2366360.17,1490327.65,29,7,1,0
932063.96,2765333.56,168,6,1,1
1953568.91,1849923.03,109,4,1,0
4351995.79,1101622.34,211,2,0,0
